>1:11789992-11790944	TTGGTATACATGTTTATTTTGAAAAAAAAAAACAAAACAATAATAGTCATGAGGAACACTTTAAACAGTGTTTGCTGTATTGTCTGCAATGAAATACAAGTCAAAGTACATTTAAAAATCAATACTTTTTTTTATTTGCCTTTTCCATACGGTCCCCACTTTTTCTGATTTTGGGTTGTGGTTTTACTACTAAATTGGAAATATATTTACCTGACAGATCTGAAAAAATCACTCTTGAATGAACTTGCCCCTTTGCCATGTAAATGGAAAATAGAGAAAACAAATGCATGGATCATTTAATCTTGGCAGTTCCCATCAATATGCTGTAGAGTCTAATTAGGAATGGCGTGAAGGAGAAGCCCTTCTGCGCTCCCCTCTGACCCAGGGGCACGTGTTTGACCTGTGCTCATTTGTCTGAAGGTCTGAGGAGGAGGATGGTGATGAGACTTCGGCCACTCTCGGCTCGCGAGCGCCGCATGATAACCTGTACCGCGTGCACATGCCTAGCCTGTACAGCTGTGGCAGCAGCACCTACGGCAGTGAGGCTAGTCTCCCCGCTGCGGCACACACTGTCAGCAACGCACCAGTCACTGAGTACATGTGAGTGTAGCCACGCTAACCTCATCCTAATGCATGGGCTGGATCTTAATGACCGTGCCGCTGTTACGGCTCCTGTAGCATAGGCTCGCTAGCATAGATTACTGCATGGGCTTTGCTGTATTTACAGTAGGTTTAAGATCAGTTGTTAAAACTGCATGGGTTTTACTTCTAGAAGTTAGTCAAAGTGATGCACCGAAATGATTCTGAGCTGAAACTGAAAATTGACCAAAATATATACAGTTGAAGTCAGAATTATTAGCCCTCTTGCTTAATTTGTTTTCCCAATTTCTGTTTAACGGAGAGAATATTTTTCAACACATTTCTAAACATAATAGTTTTAACTGATTTATTTT
>1:11827800-11828387	GTAATCAAATAAAAAACATATACTTTGGGGTTCATTTTCCACAGTTTGGTTTTCATTTACTGTTTGCTTTTTGGTTTCTTTGTTGACTATTTTCTGGGCTCTTATCTCTCCCCCTGATCAGATGATCTCCTCCCCTCTGCTGTTCCTCCCTCATCAGCACTCGTCTGTCCTATATCTGACTTCAGTCTTTGATTGACAAACAAAGAAGAGATTATTCCCCTTAGAGAGAAATGGACGCAGAGGAACCAGAGAAAAGAACGTCTGATTGATTGAGAGAGATGTAGATAAAGCTTAACGGGGAAAAGCGATGGCTCCATGGCCGAGATGAGAGAGCTCATGCCGATATGATGGCTCAGATGAAACACATTGTGCCTCATGCATCATTAAGCACGTCAGATAGTGCACACATGCACTAATGCACACATGTGCAAATGCTCATGGGGTGACCTAAAATACTGAAGCCCTTTTCTAAAACCTTAATCTCTTTGATGTTTTGTGCCTTTGAGGTTTAGTATCTGAATAAATATGTTCACGTTTAGAACCATTTAAAATATGGGAATTATATGATTTCAGTGTGTTTTGTTCAAG
>1:19397630-19398566	CACACACACACACACACACACACAGACACACACACACTCAGACACACACACACACGAACACACAAACACACACATCTTGTTCATACACCATCAGTCAGTATTTCTTGACTTTTGTTAGACATACTATAAATATATAAAGAAGGAAATCGAGAGAAAGAGCTGTGCAGGTCACCTCTCTTTTTTGTGTTCAGAAAGTCATATGACCAATCATGTGACCTCCTCAGCATGACTTTAACCCTGACAGACATCTGGACAAGTGTGTATGTGTTTGTGTGTGTGTGTGTATGTATGTGTGTATGTGTGTATGTGTGTGTGCGTGTGTGCGTGTGTGCCTGTGTGAGTGAAACAGGATCTCCTCTCTCTCCCTTCTGCTTTTCTTCCCATCTCTCTCCCTAATACACACCAAATACCTGCACTTCACAATGAATGCATTCTTACACTGTCTCTATAGACAGACTAGAAGAGCCCTGTGTGTGTGTGTGTTCAGCATGACTCTCCTTCAGGTAGCTTGATTAATAGTGACTTCTGAGGGGTGGAGCTCTTTCAAGCAAAGACTTAATTTGGGATATCCCACCGTGTGTCTCACACACACATACACACACGCACACACACACACAGTCTCCTTAGTGACACAAGTTCTGCATGTCTGAATCAAGTCGCTCAATTTCTCTCTGTCTCGCTAATGCTTTTATGCCGCTTCATTACACACTTCTCCTCTGTCCCCTTTCTTCTTTTCTTTGTTGTAGTGAGTAATAATAGCCCCCGTCCATTGAACTCGACAAACTGGACAAAAGCAGCATTGGTGTGTGAATGAATAATACTGTTATATAGTATGTATTTTTTAATTGCATTAGCAGTGCACCACTCCTGTTTTGATGCGGTAGTATGGAATGAAGGGCAAGAGAACGTGACGCTCTCTAGAAGTGAGTGTCTTTTT
>1:19664609-19665513	AATCCTTTCATTCACATTAGTTTAGATAAAAACACAGTGATTCAAAAGCTCTGTGACATCCAGTATTAGGACTAATGCTTTCCCCGGTGGCTCCAACACTGATCAACAAACCCAAAACACAAATGCTGCACTAAAGAACGGAAATGAAGCACACAACTAACGAACACATTTCTGCTCTCACATAAACCCACTTAGAAGAGCAGAAGTTAAACGACAACGCTTTAGCTCTGATCAAATCCAACTCACAATGAGCATCTCCAGTCAACATTTTCGGCAGCGGAGGTTTCTGACTTTCTAATTGTGGCCATTGTTTACCCCGACTTGTCATTAGAGAGGTTACCAGGGTTCGTTTCCCCCCAAAAGCCTTCTGATCAGTGAGCCATGGCTGCCGATGCCAGTCTAGATAGACGCGCTCTCACGTTCACACGCAACCATTCAGAACTCATCATACGCACAGTCAGCCGTGAGTGTGTGTGTGCGCAGGAGTCAGGCTCTGATCTGCTGGCCGGTCAGTGTCAGGATCCTGCGGCTCAGAACGCTGTTGTGCTGTTTCAGATAATCAATCAGGTCCGCCTGCTTCTCCACCACATCCTCTAGACTGGAGCCATCTCTGGCAAAACAGACCACAACACACACATGCACCTGTTTCAGATCTTCACAACACATGGGATAGAAATTTGTGTGTAGGAAAACAAACAAACAAACAAACAAACACACACACACACGCGTATATTTAGGAATGTCCCAATAGAGTGTTTTTAATGATACTTTTTCAGTCGGGTATATTGGAGAGTATCATATCATATCATATGTTTTATTGAATGCCATGTCTGCTTCATTTTTTTTTTATTATACAAAAAGAGCAAGGTTTTTGAGACTCTCCATGTTTGATTTGGTTTTTATAT
>1:21800101-21801003	CGCTAGAACGAAAGAGCAGTAAGCCTTAACCATTCAAAACAACTTGGTTACTAAATAAAGCTTATTTTAATAACAAATCTATGACTATTTTTAGTTCATTTCAAATTATGACTGTTCAGATAAAAAAGGACTCAACTTAGCATTACATAAATATGCATCTATTTAAACGGCATTCTGAGTCATTTACATGCGTTTTGTGTTTGTGAATATGAATAACCAAGTGTATTTCTACGATTCTGAAGTGGCCTGTGGATTACAAAAAAAAACCTAAAAGAAAGGAGGCCGAGGGAGTCTGCAGGAGAATGAATGAATTAGTCAAGGGTCAGTGATGATTCTCATTAAAAACAAATTACTGATGTTGAGAAGGGACAGCTGTGTGACTGGGGTCTAATAGTCCAGCCGAAGACTCAAAGCCAGTCGCCACCCGCCAAACACACTCTGCCAACCGCCCAACAGCCCCCTCTCCATCCCTCTGCCCCCCCGGGACGCCTGTCAGCCTGGCAGATGGGGGGAGACAGGAAGTGGCAAAGACAAGACCCCCTCCCACTGGGACCTCAAGCCAAATAAAGCAGAGGTGAAAACGGGGTGCAGGGAGAGGGACTGCAGACGGAAGAGTGAGGGTGGCACATGCACGGAAATTAGCCTGTCTGTTATTTTCATCAGCGCTGCCTTCTTTAGCAATGCGCCAAAAAACAAAAACATGAAAAAAACTTGATTAAAACATGACAATTTAATCAGTCTCAAGTGCTTTCAAATGAGTTTGAGTTTCTTTTAAACACAAAAGAAGATGTTTTGAAGAATGTTTTGAAAAAAACAGTAAAGGTTATTTGTTCAAAAATTCATTATTTTAAACTGTTGTATAACAGTATATGAGAAGTGTGTGTAAACTTTTACATTTGATTT
>1:26161377-26162490	AAGCAGTTCCACCTTAAGAGCGGAACCTTAACAGATTATCTCGGTTATTTCACTGCCACTGAGCCGGCACTAATAGTCCGAGGCAGATATTGAAGAGTAGCGCAGGGCCGTGGAGATCTATTAGAAATTCCCATCTACACGGCTCATACATATTGATTTCTGACACCAAGCAGCACTGAAAGCCCCACGGGAATAATATATTTAGCGGGGTTGGCAGTGAGGAGGTCACAGAGTGCATAAAGATTAACCACACAGCCCCCTGACAGGGCTCTATGTGTGTGTGTGTGTGTCCATACGCAAAACATGTTTGTTTCTATTCATTTGTCCTCTGCATCGAAGGTGAGCTGCAGAAAAGCGCTGGTGATTCTTATATGATGCAGGAAACTGAAAAATTCTAGGCAATATTTGATTGCTCAAATTCTGCATTTCCAAATTGATAAGATAATGAATGATTCTGTATTAATTAAATGGCATAGTTTATATTTGAGCACTACCTCTAATTTGGATTTTCCGTCGACAGTGTGTTTGTGTGTGTGTGTGTGTCAGATGTGTTTGTTGAGGGCGCTCAGGCTGCTGGGTGCTGATGCAGGGCACGCCTTCACTGATTAGCTTGTCCAGGTGAAAGAGTAATTACCTCAAAGGAACGAGTGGCGAGAGCAAGACAGCAATCTGTGGAGGAGGGCTTGACTTCACACCGAGAACACTTAACATCACCCCCACCCCTTATATCCACGCACACGTCGCCCATTTCCTTGCACAGAAAATGACAACAGATCTATGCTGGCTCTACCTCTCCCCGTCTGTCTGCTTTAGCATTCTCGCTCAGCCATTTTCCCTTTTACACATTCTAATCTGCATTGGGTGGGTTCAATTACGGAAAACTGTTTTATGGTTGACTACACATGGCCTGGTAGTTTTGTGGTTGGTGGTTTGATACCTCTGAGGTGGAAATCAAATGTGTAAGGAGTTTAATGAAATGATCTATTATAGTTTGATGGAACAGTTCTCTGATATCACAGTATTTTGTGAAGAAATGTAAACTTTTGGGGAGGAAGGTGGTACGCTGTTAAGAAGTTTAGTGTCTTGGTTTCTTATTCTCACCATAGCTTCATTT
>1:29812662-29813580	TTCTATTACATCATCACCTTCTTCTTCTACTACAGTAGTACCGTTCATTTATTCTAAACAGCTGTCTGAAATGTTTTTAGCACTACCAATACCATTTTCTTAAGTAAATAAAGAAACTAATATTGACCTGATATTTGTCAGTAACCAATCAATCTGTTTTTCAATTTTATACTACTATAGTAATCCTATCACTATCCTACCACTACTTACATAGAGTGACAAAGGTCATGATGAAGATCTGAGTCCCAGAACCAAGGAACACAGACAGCAGCATGCCTTTCCTAGGCGGCCTGAAGACATCTCCGTGAACCAGCTTCCAGCCAAATTCCTCCTGGGCATCCTCCTGGAAAAGATGGAGAGGAAAAGCGAGGTTTCAACAATAGCAGGAGCTAACGGAACCCTGTTCAGGCGTGGCTTTGGGTCTGCAGCCCAATTACGGCACCCTGAGATGAAAGGAAAGACGCCGGCTGCTGCTCAGACCAATGATACAGTGTGTCACTCTCGGTCTGTCCTTTAATGAGTCTGATGCGTGTGGAGGGGGTGTTGCGGGTCACGGTGAGACACAGGAAAGAGAGAACACGTAAAAGCAACAGATGTGTGCGCATAACGCCTGACCCTGTATGACCTCCAACCCCAGATGGACAAGCCCAAATATACAAAGATATGTGAATGTGAAGTTTTTTTGAACAATTGCTTTACGTCCAGAATTATGCATTGCTAATCATTTACTCACTACCTTGTCATGCAAAATGTCATTTCATTCTTTCTTCAGACGAAAGAAATCAAGGTTTTTGAGGAAAACATTGCAGAACTTTTCTCCATATAGTGGACTTCTGGTAGTGCAGTTTCAATGGGCTCTAAATGATCCCAGCCCAGGAATATGGGTCCTACCAAGGGCTGGATGGTTGATCGAAAATAA
>1:29814559-29815467	ACACCATCCGTTTATATTTTGTGTTCAACTTATTATTTTTAACATACAAACATAAGTTAAATATTAATAAGATAAATTAGTTAAAAATTATCAGGATTTTCAACATGTTTGATGATAAAACAAATAGAAAAATCCCCAAAATGTCATAATAATTAAATAAATTCATCAAAATCTGTGACAATTCTGTTTATAAGAAGAAAAAAAACTATGAGAAGATCAAAGGGAAGGATTAAACAATGCTGCGCGACTGATGTTAAAACAGACAGAGCTCACCAGATGGATCCTACAACTGATATCATAGTAGAACATGGCAGGTTGGGGAAAAAGAAGGGTAAGCTCTCATTGTATTCTGCACAAGCCGTCAAACACAGCTAAAGCAAAAAGCAGCAGGGGTGTGTGTATGCCTGCCTGTTCGTGTAGAGGGCTCCTTTGACACTAATTAAATCTAACGAACTGCAGACAGCCCTAATGAAGGGAGGATCAGAGGTCAAAGGTCAAAGCTCTGCCACTTGCTTACTTACATTTGTAGTAGCGAGCAGCCACATAACCAGCTGGAGTACCCAAGAGCACCCACAGCACCACTGCACACGTCATCAGAGCCCCGCGATTGGCAGGTGACAGGAAACCCAAACAGGCAAAAACTACACAAAGCGAGAGAGAATAACTTGCATGAATTCATAATGTCTACTAAAATGAGTAAATTCAGACAAATGTCAGACATAAACCCATCAAATTCCATCACATCGCCGTTGAAAACGTTGCAAATACAATAAAGCTCCAAACTAACTTTCAGGACTGTCCAGGGAGATACATTATATCAGCCACAACAAAGGGTAAAATGGATCAAAGCAGCATTCTTTGATATCTTGACTGTTTTGATTGTTCTTTAGAAGTTATTTGTTCAGAAAA
>1:35930949-35931862	AGACTGCCCTAAAATGTATCTGTAATCCCAAAAAACAAAAAGAGCATCATCATTATCAAATACTGGTGGGGCCCTTTTCTGCTTTGCAAGCCCATTTCTAATAATTAGAGGCTCTTGTGCCCCTCAGTGTCTATGTTAGTTACTGCGCTGACATACGAAGGTCTACTACAGCATAAATAAAAAGCCCTTGGAGACAGTATTTAAATATTACCACTCCAGACATTATTTCTAGAAGAGCAGGAGCACAGTGTCAATGGAGGCGCCTGTTTGAAATGCGAGCTGCCTGATTCTCTGCCATCATACTTAGCATTACTGAAAACACCAGTGCTGTGCCAAAAACCGCTGATGGCACCGAAGCACAAATGAGTCACATATGTAAGCAAACGCACAGCTTGGCACCCCTCAAAGAAATGAAAATACCACTGATTGTAAGTTTGAGTCTATCCTTCGATCAGTTCAGAGAGCTTTTCAGCACATGCGTCCGGCTTCATTGTGATGAGGGTGAATGAAGGCTCAGTGGCAGAGGTGAAAGGCTCTTCCACGACCTCTCCTCCCTCCTCAGCAGTGGGTGATACTGCTAAGACAAATGGACTCAAATTGAAAGTGCACCTGACAGCAGCTCAGTGGGACACCAGATGAGCATTGTAGTTTGCTCGCTCATTAGGAGGCGACATTATCTTTAAACTTTCAGTTGTGCGTCATCCAGCATAACAACTTTCTTAAGACATTGATTGGTGTTTGAAAATATGTTAATGTCTGTGATATATTTTTGTAGATCGTGAAGTTTAAATATGCTCAGCACAGCTGCCACTACAGAAAGTAATGATTTAACCCATAAGCACAGTTTTGTTGGTGTTAATAGGCTGTGATTAGATTCATTCAGTTATATTACATATTAATTGGACTTAAAATCA
>1:38687772-38688659	CTATGGAAGTCAACGATTACCAGATTTCAGCTTTCTTCAGAATATCTTCTTTTGTGTTTAACAGAACAAAGAAACTCAAACAGGCTTATGACAAGCGAAAGGTGAGTAAAGGACAGAATTTTCAGTTCAGGATCCACAATTATTCCTTTAATCACAACATTAAAACGTGAATGTAAAAATAATATTTTAAAGCCACATAATAGTAACCCCCACTGTTCCATTTCTGTGGGTAGATATTAGAATTGAGTATTTTTATATTGTTTATATATGGAGTGTGAGGCATTATCTCCCTCCTCGTGAGTGCCCCAAGCTTACACATTACTTGAATTGGAGCATGTTTGCATCCTAACGGGGTTAATGGGAGAAGCAGCTTTGTGTTTTAATTAGCCACCCGCTCAGCACTTTACAGGGGTGCCTGCTCTTTCTGTGTCTCTGAGAGAGAAGCATTAGATAATTTTGACCTCTTGACCTCAATGGGCAGTGGGCTGGAGGCGTAATCCCCTCACCACTGTTTGACCAGAATCTGGCAGATGGTGCAAATGAACCAGAGGGATATGGATCAGAGGCCTGGGTCAATAGGGAATCACTGTTTTGTTGTTGTAAAGTAGAACTGGGACATTTCTTTACTAATCAGATTTTTTTTTTAGGAAGTTGATTAGTCAGATCCAGGCTTTTAATCAATAATTAAACATATTTTATGAATGTATATTGTATAAATACATATAGTATTTATATACAAATTGTATGAATTATTTATTATATTAAAACGTTCTAAAAACATGACTCTCCAAATTAATTATACTAAATGAATTACTGAATAAACATGAAAGACAGAACATGAGGAAATTTAACCTGACATTTGGAATTCACATTTGAAATGTAAAGGTT
>1:40827344-40828236	CACAGTACACGGTTTCCTGGGAGGGTTTGGTTTAAGGATGGGGTTGGAGTACATTATAAAACAATGAACACCTATGTCCCACATTTCACAAAAACAAACCTGTGTGCACGTGTGTATGTGTGTGTGCGTGCTTGCATGTGTTTTAAAAAAAAATTGCAATACCAGAAGACTCCTTTAGATGACATGTTATTGACAATTAACAGGGAAGGCTAACTCAGATCGACATTGGTATGGTAATTGTCCAACTCTGTCATGCATTAACGATCATGATTCGCTAACTTTCATAAAGCAAACAACAAGTTCTACCACATACTGGAGAGCGGACTGACTTCAGAGCAGCACGGTTGTGCTCACCAGCGAGTGAATGACAGGGACAGTGCCATTGTCTGTCAGACTTTAGCATAAGCAAGTTAGCGCTGATCTGTCTGAGCTGCTTATAGCGCACTGCACCCTCACTGTCGCTTTATGCTGTACAAATCAATTTGTCTCCACTGATGGAAAATAATTGCAAAGCAAACAAATTATCTCTGCCACATTGAGCACACCTCACCGCCGGGAGAGAGAGAGGCAGAGAGAGAAAGAGAAAGAAGAAAGCAGCGGGGCTCTTTACATGGATGCAGAGGCCTAAACTGTGGGTTCCAGCCAAAAACTCTGTGGATGTGCTGAGCCTACAATTACACACGAGAAAGACGAAAAAAAATATCTGAGGAATTTTAAGTTGAATGTAAACAACTGGAGAAAAAAAAAAGAACAGAAAAAAGTGGTAAAAATAAAAATGATAAAGAGATTATGAGAAACAAATGATATATAAAGACAAACACAGAGAAGGAAAACAGAGCTATTAGTCTCTAATTCAATTCAGTTCAATACATCTTTATGTCTACAGCGCTTTT
>1:40832325-40833308	AACTTTTGACCGGTAGTGTATATTCCCGATCAGACCAGTTACATTTTTTTTCTGAATGGTTTGGTTTAAAGGTGCAAATGAGGGATATATTATTATAAATTATGCATTAATTTGCATATACATTTGCTTGTAGTGTCTTGCCTTTATATTTAAGCAAGGTATTGTTTTGTATTGCATATTTCAGCATATCTTGCAGACAAGTATAATAAACCATGCTTTTACTGTATTTCTGTATTAATGTTTTCAATGTATGCTTGAAATAATATGTTTCATGTTAACATGGATGTCTACAAAAACACCTTTAAAATGATCTTTCCCCATTTTACAGTACATGAAATTTTTTTGTACATGCAAGTGGTTTCAAATACACTTTGCATGCTGCATGACTGGCCCGTAACTGAATGATCCACTGAGCTGGAGTGAGTCTGACTTCTACCTGTGAGCAAGCAGACATTAATTCAACATGGCAGTCGTGGGTTTGGCCTCTGCAACTTTCTCAGCCTCCCCAAGTAATTGGTGACCCCTGAACTCACTGGCTCACATGGGGGAGCAGTGTGTGTGTGTTTGTGCTTGTACATGTGAGTGAGAGAGAGAGAGAGAGAGAGAGAGAGAGAGAGAGAGGCAAGTGTGTGAGCTCAGCATATGACCGTCATTCACAGCTTTTTCACTAGCAGATATAGGCAATCTAGATGTACTTTTTCTAAAGTTTAAAGGGCACCCATTTTTCTCCATTTTAAAGATTTAAGATAAGTCTTTTGTTTCTCCAGAATGTGTCTGTAAAGTTTCAGCTTAAAACACCCATCAGATTATTCATTATAGCTTTCAGAACACTGTTTTCTGCTCTGAACACAATGTAGCTGTTTTTGTTGCTTGTGCCTTTAATGCTAGTTTTCCCCACCCACCGTTCTCACGTTTATGTCAGAGTGTGCCTCAATCTCCACCTCGGCTGTGGCAGATAATCAGCACAGTGACAGACATGAAGAA
>1:40886441-40887345	GTAATTAGTGACAAAGTTACTGGCATAATGATGATAAAATTTAAATAATGCAAAATCTAAGTGCTTTTGCTGTAAATGGATCAATTAAACAGGTTTGGTGAGCAGTAAAATTCTTCTTTAAAAACATAAAAAATACTACTGTTTCAAAACATTTGAACAGCGGAGCATTTTAAAGCAAAATCATATGATGCCTTATATTTTGAGACTTATCAGAACCAGTATGCGTGAAAGAGAATAATATGTGGAAAACACATTTAATTACCCAAACATAAAAGAACAAATGCACTCAGTGGCACGTGTGCAAATACACACACACATTTGCTCACATACGCACATGCAAACACACAGAGCAATAAAACCAGTGGGAGTTGCCAACTTAACTGGGCTTGCTGTGGCTTGTACTAGGGTGGGCAGTGGAGCAGAAGTGATGGCCAAAGCAAATGTGCATGTAGTAAAGGTGACCTAAATGCAAGAGCTGTGACAGGCTCCAGAAAGAGGCCCCAGAGACAGCTTACACTGCACTGTGTCACTGTCTGATGCACTGATCAGGCATTAGCTCAACTGTGAGAGACTCTCAGCCTGATCTGAGACACCTTCATGAAAAAAATACGCAAATGATAGCACATGCAGTATGTTTCTGGATGAATAGCAATAAGGGAAAAAATCAGTTTTAGTTTAGAAAGACAGGCAGCTGTTGGAAAAACTAGAGCCATTCAATTAAACAGGTTTCAAAATCTATCAAACTTGTGTTTTAGTACACAATACAACATTTTCATAATATAAAAATAGTCTTTCTTCTGTGATTTTTAGGTATAACTCACTCCCAAGCCACAGATAGTGTGTTTAACTGACTTCCCTTCAAATAAAAGAATCAACGGAAGGTGGATTACGTGCATTTTGCTTTA
>1:40910868-40911714	AAATAGGCTTACGTGCAAATAGAAAATGTAATTTACAGTAGCTATAATTAAATTTATAGGGAATTTAAGGGTCAATTAAAAATATTTGGTATAAGCAATTCAACATTATTTCATCTCCAATTGACACGCCACAACAAGGGTTATCAAACGAACTGGAGAAGGTCGCAAAATTGGCCTCCATGCTAAAATCAGAATTTATTTTCCATTTCTTAAAAGCACTCATTAAAAATAGTAGGCAGCACAGTGTAGTTCAAATATTAAAGTATGTGTGCCAGATGTCTGGATAGGTTTGATCTGAAGCTCCCACCCCCCTCTGCCATTGGCCGCCGTGCTGTCTGACTCTCATGACCAATAAACGATGGAGAATCGTGCTCTTCCGGTCAGTGGACTAACAGCCTAGGCAAACGCAGCAGCACTGCGCGTCGTGGAGCGATGGTGTTCGGAGAATCGAGACGCTAGTTTATGAAACGGGGGAAAAAGAGGCACAGACACGGACCCGCATCTAACGGAGAATATGAGCAAGGAGGACGCGTCATGTCGACCCGCTTCTTTGAAGTTCACCATTGACAATATCCTCAACTCCAAGACGAGCAGCAGAAACTTTGACAGCTGTCATTCAAGGGCATCGCTCGTGGTGTGTCGGGATGGCTGTCTTCATCACCCCGGAGAGAGCGAGGATCCATGTAAAGAAGGGTCAGATGCAAGATTGCATGGCATTGGTAAGATATTGTTTTTGATTTCGGCACAAAACTGCTATAATGTGGTATTTCCAACTGTGATATTTTTTTTTCGTGAACAAACATCAATAGCATCTGCCTGGATTTCAGATAAACTCAACAGAGAGGGG
>1:40914262-40915151	ATGAACTTATTTATTTCAATTCACAACGTTTACGCTCGAATAAACAGCCTATTTTTCAATCGAATATCATGGGTCAGTAGGTAAACATATCTAATAAGGCTGATCTAAAAAGCTTAGTGTTTTACAGATCACGATTAGCTTAAAAAATCTGGAATGTTTTAGATGTGGTTTAAACACATTAACAGACGTATTTAATGCATTAACCCAGCACAACATATCCTGGGATACCCCGAAGAAGGCTGTCTCTTTGCCAAACAGTGGCGTTTGCTGTAACGTCGCTGTGATGTAGCGATCCATCCGACCAATAGACGGAGCAGCATCCGATTCTGCGAGATCCCCAGCTGACGCGATGCGCTCAACCACTATCTGTATTTTGATTTGCTCCCTAATTGACCCAAATAAAGCCCTCTGTGACAGGGGTTCCACCGACCCCGAGGCACGATCAAAAGCGAAGTCGAACTGGAGCCGGTAATAGCCTACCCTTTCGCGTGTAATCCCATTTGCTATTGTAGTCGTCCAATAGCAGAATGCCCTCCGCTTGTTAAGCGTTTGACTCGACTAGGATTTTTCTTTACTACAGCCCCGCTTCTTTCCGTACTGGCGCCGCGGACGCACAAAGGATAGCGATGGTGGGATATCCGGAAAGAAAGGATTGGTTACTTTTTGCTTAGAGGTATTCACGTATCACCCGACTATTTCTATAACTGGTATATTTGCTCAAGACATGCATGAAAAAAGCCAGCAACAGCACACTTCCACCACATCCAGGGGCTCGTCGTTTTTTATCGAGAATTTGCTTGGCTCTTGTAGGACAGAAAAGCCTGTCTGTCCAATAAAGGATAACGATGGCACGGAGAGAGCGAATGCTCTCAAGCGCTACCCGAACGCAT
>1:40920213-40921112	GCAAAGCCAGAAGATTTTACATTTTGAAAAAAACCCTGAAAAAAGGAACTTTTTTTTTTGGGAACTTTTTTCATAGCTAATAAACACTTTTTTAATTCATAGCTAAAATGAATAAAAGTATTCAGATGGACTATATGTTCTTTTACAAACAAAGCAAAAGCATCATAAAGGTTTGTATAGTAACTAATATGATGCATAATCCAAATTAATGCCAAAATATGTTATAGTTTTACAAAAATATATGTTCAACAGTTTAATTTTCATGCAGTTTTCATTTACCTGGTTCTTTCCAAACCCTTTGTTTCAGAAAATGGTTAACTGTTAGCCATAGAACACAGCAAAACTTTAGCACAACCTCCGCCCATATATCAAGTCCAATTTCACGGTGACGACTCAATCTAGGTTCAGACCGCAGAGACCATGAGGGCGTTCGGCCTGACCGCACCACTAAAGAGTCACAGCAGATGCCTGGACCGAAAACGTGTCTGATGTCAATGCAGAGTTTAATGGGTCAAATGAAGGGTCCTCGAAACAGAAGCATAGCAGAGCCAGTCCGAACCCAGCTACTGTCTTTTAGGAAACAACAAGCAGTCTTTAACAATCATACAAAAGTCATGACTGACTGAACTTTTGAACACAAAAACCATGTTGCCATCCATCAGTTCAACCGGCTGTACAGACCAACATTCCTTCAACAACAACTGCTAAACTTGGTTCAAACTGCTGGTGAAAAGTCATCTTTAAATCTTCAAAAACAACAACAACAAAAACAACAACAACAACAACATATTAATAACAATAATCATTTTAATCTAAACATTTGCTCTGCAAAAAACTTTTTCCAAATCTATTTCAGAATTGTTTAAAATATTATCCAAAATATCATTGTTTATAATTTTT
>1:40926845-40927749	TATTATTTTATTTCATCTACACATCCAATATTTTAGTAACATTCTACTGAGAGAAATAAAAGGGTGAGCCAAAGAGGGATTCAAGTATTTCAATTCTAATTAATTAATGAAAAGCACTTGAAGCTACTTTAAACCAGCATTTGTTTTCACTGTCTGACCTACACACACAAACATACATTTACCCATTACAAAACACATGCAGAAAAGAGAAGAGAAAAAAAGATGATGACAAGATTGAAAAACTGACAAAATTTAGAAGATTGACAGAGCGACAGGTACAAACAGAGACAAAGCGCAGAACATACAATTGAGAAGCACCACCACAACACAGCAGAGATAGTCAGGCGTAACAGACAGAGAATAAAGAGCGAGTGGGAGTGGCCTGTGAGCACTCGGGGTGGGCGGGGCAAGAAACTTGCGTGACAAACAGAGTGAAAAACAAGCGTCTCCAGGCTGGGCTGCTCTCCTCTGGGCAACGCATTAATACCACCGCCTTTCATCTTTCCTGTCGCTTTCTGTTAACCCAGTCCTGCCTCCACTCCCCACATCCATCTTTAATCAGCACTCCCCAAACAGGCTCACCAATTACCACAGGCATGAGCAATCCATCCCCAAGAAGCAGAGATGGAGGGATGACTGGGCTACCCTTCATATATTATACTGATTCACCATCAGGCCGGCTAATACAGTGAGGTAATGTCGTTTTTCTGTCCTTTTGAATAAAGTTGCCCATTAGTTTTAAACTTGGCGATTGAAAGAGGATCCCTCCTGACATCCAAGTGCTCCCCCCCTTTTTCTTCTTCTCACAAAAAAAAAAAAAAAGATGTTACGTATTAGTCAATACAGATGGTTTTCTAAGCCTGTGTAGTTGCTAACCAATGTATCTGTGTATAGACATAATATAA
>1:42514575-42515482	AGGTTAAACTGTACTTTGATCATTGTTCCAGGATTAATGTATAATATCAGTTAAGCATTAAATTTTATGTTCTTATATCATTGTTCTGAAGTATGTTTGTCTGACCAAATATCATTTTCCACCTCGTTCCATATTGGACTGTTTATTTTAGCACAAATCCCAGCATGATTCCCATGTCCATATGTGCCTAAACAAAAAACTAAAGAAGAAAGAACCCTGGGATTTGAAACAAAAGAGAGGCAGGATAATTAAAAAAATGAGAGAGGGAAGAGTGTAAGTATAGAGGCGCACACTACTTTTCCCCCTTCCTTTAATTGTGCATTAACGGACAACAAATACTTAATCAGATTAGCCCTGATGCCACTGACATTTCTTAAAGCCAGCGGCTGAAATCAGCAGTGTGCAAATGTTTTGGCTAATGTGCAACGCTCTTCTCCGTTTGAATTAATTGTCTTAATTATGGCTGAGCCGTCCTGCTGTGCACACACAAAAAGCCCTTTGCTGATGCCAAGGCAACAAACATACACACACGAACCCCTCTGTCCACTCAGAAGACAGTGATGTTGGCCAGCTGGGAAATAAACATAGAAGCTCTGAGGAAATGTAACAAGCTCCTTACCTAGATACAATTTAAAGAGACAGTTCATCCATTTTCTACATTGACTGCTGGTTCCCAACATTTTTTAAAATATCTTTTCATAAGGGTTTGGAAAGGATAATTCATCCCTAATTAATCCCAAAATTATTCACCCTCAAGTGCTATTAAACCTTTATAATTTTTTTTTTTTTTTTTTTGTATGTTGAATACAAAATAAGTCATTTAGTAACATGTTAAAAACCTGTAACTACCTGTAAGCTATCAATGGCTACAGGTTTTAAGTAGGGATGATCAATCAGGATTTTTGAAA
>1:42589684-42590570	CTCACACAATACGCAGCGTAAAACAATTAACGCTCTATACAATCATAACACAATGCAGAGATGGGCACATAAAGATTAAACCGTGAAAGAAATAATCATTATTATCTGTGTCTAGACCACTTTGAATAAAGCTACCAGATCAAATGAGGACGCAAGTTAATGTTTAAGAAGAGTTCAGTGATTTGGGTTTTTTGAGTCATTGGCGCCTTGCAGAGCTCCCCGCAGTGGAATATTATATGTAATGTAGAGACACTGAGCAGTCCAGAGTTAGCTGTACTTTTTTTTTGGAGATTATTTGAAGCCCTGGAAGCAGTTCACATGGATGATCTGGCCATCAGCAGACCAAAGGTCGCCCCATGGCTCAGACCTTGTCGAAACCAATTTCTTCTCTGTCTCATTCAGTGTAATAGAGAGAGCTGAGAGTGAAAGGTCAGGAAGAGCACAGCGGTTCAACTGAAATATACGTCAACAAGACTCAAAGCTGGTCTGGGACAATACAAATGAAGTTTTTTTTTTTTTTTTTTTTTTTGGAGGTTTATGCAACTTACAGTAGGAAGAAAACAAACATCTGATTTACGTGAAAAGACCAAATAATGCACATTTATTCATTTAGCACAGATTATGAATACACAAACGTTGAATGCAACAGTGCACACATAACAATAGGTTTATATGTCACATGTCTGCTGTGTCTGTGTTGTGTTGTGTCATGTGTTGGTTCCATGTGCCTATGTTTATGTCATGTGACCACTTTGTTCTTTTTCCTCACTGTTCCTTAATGATCATGAGTTCCACCTGTTGTGCCACCCTTGTTTGCAATCTTTGTAATCGTTACTTGTGTATTTAGTTTAGTTTGTTGTCCAGTACTGAAGAGTCAATCCTCAATG
>1:42724522-42725461	ACCAATTCATTCCACCATTGTGATCTTTGAAGCCCTGGAGTTGATCGTATTTGCCTGCTACTTTTGACATTACAATGCCATCCCTACATACATGCTGGCTCTCATGTTCCTGAGAGGAACAGTGACTTTCAGCAAGGACGTTTTCCCTTATTCGTGTTCAAACATGATAATAGCATGCATTCACACTGCTAGCTATGCATTTGATGTGACTGCACTCTATATCTCGCATGCTCTTAATTGGGTTCAACGTAGACCAGCGGTTTGTTTGATGTGGCTCCCATTTGCACCTGGATTTTCCCTCAGGGATCAATACGGTGCTCATGTTCTTTTGTTTCATGCTCCAGGCCACTCGTCCCACTAAAATAAGCTGACAGAACAAAGATGGCTTGGGTATTCCACGCCTGACCACCTCTCCCTTCCTCTTCATCGCTATTAATCCAATTAAATGTCCAATTGAAGTGGAAATTCATTGTTCATTGTCACTGTTATTTACACTACAGCTTTACTCTGGAGTAAAAAAAAAAAAAAGATAAAAACAATGAAGACAACACAAATTGCAAACTTGTTTGACTAAACTATTTGGCCACCCTAAAGTGATTCAATTAATATTGTATGGGTCATTAGGCATTAGTGCCCAGAAGAGGTACAAAGGACTCATTGGAGCGGCTATTAATGTGATTTGATTTTCACAGAAACATGGGGGGAATAGCCAGGTTCAATACAGAGACAAGCAAGAGGGAAAACAGGACTGGTAGCCAAGCTGCGGGATTAAACATTCCAAATGTGTGGATGGATTAGATCCTTCAGAGGCTAGAATAAATGTTAGTTCAATTTGTTAGATTTTTTTTTAATTATTTGTCATTATTCGATTGATTTACTGATTGATTGACTGACTGACTGACTGACTGACTGATTGATTGATTGATTGATTGATTGATTG
>1:42792377-42793253	ATGCTATTCCAGGTATTATTTTGGTAAATGTCTTTTAATCATAGTTTATTAAAACAAATATATTTTTATTTTATTTTTTTAATTTGCATAGATTTATAATTTTTTAGCTTACATTTAGGTATTTTTTTAAATGCAACATCCTAAATTACACCTAAACAGCTAGATGGAAACATCTACACCCATTTTTTTTTTCTACTTGTCACTCTTTACTGACAGTCTAACAGAAGTTACTCCCATAAAAGCCTCATTGGGCATTGGGGAAAAAAAAAGGTAGATACAAAACAGGATCATCCGTCCAGTGACAGCTCCAGCTGATGGTAAGCTCATTGGTCCAGTCTCTCCCTTTTTCCCCTCCCGCAGGCAGCGTAAGCCTCAGTCAGACCTGACCCTTCATTGTCATCCCTCTACATTATCTCAGCAGAGGGCCAATTAGGCATTAACCACATTATACACCCAGAGACCCCTCTTTAGCCACTGCCGGACTCAATAACACATTACCATAGAGGCTCTTTAATAGGAGAGGCTGTTAATTGTCAGGCGACATGAACAAAAAAAAAAAAACGTGCCCACTAGCATGAACTTGGGTGATGAGCCCTAAGTGACAGTGTCATTTAAAGGCAGACAGAGACTGGCACATCACGCATCAAAAAATGATTCATCGAATGATTCAGCGAGTGATTCACAAGCAGGATTTATGGGCTGCCATGATGACAGCGGCTGACTGGTAATGACAAACTGCTTTGTGATGGTAATGACAGACAAAATAGCTGCTGAATATTGAGCTTATGGGAACTACATATCAAAGCATTATCCATTTGGGGTGTGATTCTCTATTATTTGGTTTAATGGAGTGTCTGGACGATATTTATTGTTAATG
>1:5523827-5524794	CAACTCAAACCACTGGTAAGATCACTGTATGTAGTGTCTTAGTTCCTGCTTACAACAGCAAAACCTTTTTGATTGTTCAAAATTATATGTACTACACTTTTTAAAGATTCACATTTTAACCAGCCGTCAGAATGTGCCTTCAAATGAATCTCCTATCTATTCACAGCACCTGATGCTCCAACCAATCATGAGGTCTCAAATGTCCAGGAGACCTCCATTGTGATCAGATGGTCCAAACCCAAAGCACCCATTACTGGTATAAGATATGCAAACCAACATTTGGGATTTAAGAATGTCTTATAAAGTTGTCTTTTGAGCATGGTGTATTGGAATGTGGAATGAACTCTTTTTCAGGCTATCGTGTGGTGTACACACCCTCAGTCGAGGGCAGCAGCACTGAGCTCATCCTCCCTGAGACTCAGACATCGGTGACACTGGGTGACCTACGACCTGGCCTGTCATACAATATCAGCATTTACTCAGTGGAAGACAACTTGGAGAGCGAACCTTTGGTCCTGCAGGCAAGCACAGCTGGAGAGCAACAGCCCGGTAAGAGCTCCTTTTATGGAGAAGAGATTTTTCATTTTTATAGCTTTCTGCTGTTTCAGTTAGCCTGTTTGTCAAAATATTCTCCACTCACACGTTCCTAGTATTTTATCTCTGCATTAAGTTCAAAGAGCTATTATTAAGAGAATTTTACTAACTTTTCTCAAAGCTGGTAAAAATGCCCAAGTTTCTCACTCATGTGTAAAAATGTCTGTTCACAGTGAGAGCTGGCACTAGCAAATGTCTGAGCTGGGAGATTTAGAGCTTACTCAGGGCCAAAACAACCTTATAAGGATAACCAAGTTTCAAGTGTGTCTTTGGGGGCTCAAATGTCCAGTTGATGTCTTTTTAACCAAACACATGCTACTTTATGGGAACTGTGAAGTGGTTTCTTCCGTGAATGATCTTGTTTTCCATCTTAA
>1:899682-900575	AACAATATGTAAATAATACAAAATTAAATATAACATTATAATACAATTAAATAAATAAATTATGTGAAATATAAAAATAATTAATAAATATTAAATATAATAAAGGGCGTCACGGTGGCACAGTGGGTAGCACAATCACCTCACAGCAAGAAGGTTGCTGGTTCGGTCGTTTGATTCCCAATTCCCGTATAACTCTGTGATTTCACGGTTGTTATCTGGGAATAACATCCTTCTGAATGTCACAACGGACCAATCAGAGTCTAGTCCAGACAGCCGTGTTATAAGCAGTGATTTTCTGCCTTTCTGGAGCAAATGCTCTGATATCTTGACACTGACGTTATCCATGCGCAGTCGACGCTCTCTTCAGCATCACTTCTGGGAGAGTGAACATCAGGACAGATTTGATTTCATTCCTCCGTCAGACGACTGCAGCTCTGACGTCAGTCCTGAACCTGTCTTAACCTTTGACCCTGACCTCTGCACTTAACCCCAACCCCAACCCTGCAGGAATGTCTGCTTTTGCATTCTCTTCATTAAAAACAACCTGGACCACATTATCCTAATCATCCGTTTGGGCCATGACAGCATTTTTAGGATCTCAGTCTCATGATGAGCAGAGATGAGGTCTGTTCAATAACTTAACAGTTTTATATTCTTCATTCATTCATTTTCTCTCGGCTTAGTCACTTATTTATCAGGGATCGCCACAGCGGAATGAACCGCCAACTATTCCAGCATATTTTTTACGCAGTGGATGCCCTTCCAGCCACAACTCAGTACTGGGAAACACCCATTCACACACACACACACACTTACACACTACAGCCAGTTTAGTTGATTAATTCCCCTATACCACATGTGTTTGAACTGTGGGGGAATTATTCCCATTATTTT
>1:933173-934106	ACACACACACACACACACACACACACACACACAAACACACACACACACACACACACACACCCCACACACAGGGATTATGAGCATATTTCTGACAGCATCAGGCATACAGTGTGTGTGTGTGTGTGTGCGTGTGTGTGTGTGTGTGTGTGTGTGTGTGTGTGTGTTGCCCAAACACAGGCTCAGCTGTAATGTGTCTGGTATCTGCTTCAGTGTTTAGCGTCCGTCTCACAGTAATCGCTGCTCTTCTACATCTTTCAGATTGTCTTCACTGGTCACATGAGCTGAAGGAGTCTGCAGCATAAGCACACAGGTCAGGTCATGTGTGTGTTATTGCTGAGGCGGGAAAATAGTCTCTGCTCAGGTCAGAATGCAGTCAAGCAGAAATAAAACAGATTCCACTCATGTTCAGAAAGACTGATCTCTCTCTCTCTCTCTCTCTCTCTCTCTCTCTCTCTCTCTCTCTCTCTCTCTCTCTCTCTCTCTCTCTGTTGAGAATCACCAATAAAAACCAATAGTATCTTGCTGTCAGACACGATGCACTCAATGGAGCGAGTGACGTCACTGTGACAGATGGGGTTAGGGGTGGGGTTAGGTGGGCGCATTAAAAAGCATTGGATGCAGCTCAGATTGCACTGCACCAGGTCTGCAGCCAGACCCCTCTCAGAAAAACTGCCTCAACCAATCAGCTTGTTAGACTAATCAGTAACAGGTCAGGTGTTGAAGAATATCTCGTCATTCATTCATTCACTTTCCTTCAGCTTACTCCCTTTATTTATCAGGGGTCGCCACAGCGGAATGAACCGCCAACTTATCCAGCATATGTTTTACATAACGGATGCTTCTTCAGCTGCAACCCAATATTGGGAAACACCCATACACACTCATTGACACACACACTAATACACTACGGCCAATGTAGTTGATCAACTCCCCT
>1:945891-946778	TTTATAATTTTGGGATTCTGACTTTTCCAGATAAAACAGCAAACAAACAAACAAAAAAAAAAAAAATAAGGACACTTTCTTGGGATTTTAAAGATGTTGACTTTCAACCAGATTTTTTTTGTATTGGGACAAAAAAAATAAAAAAAATAATAGAAAAGCAAACCTTGTTGGTGAAATAAATACTTTAAAATTTGTACTATATTATTCACTTTACACTGAAGCTGAAATAAACTTCCATACCCTCCAGTCCCGATCCCAGATTTCAGCAGGATCTGCAGAGCTTTGATCCTCCTCACACATGATTACTGCTGTTATTATGTTGAGTACAGGAGAAGTGGAATGACCTAGTTTAGTAATGAATTAGACTGGCGAGCCGCTCTCTTGTTCAGCTGATTAGAAGTGAGCACCTGAAGAGCTGAAGCCGTAAACTCAGAAATAATGAGCCTCTGGAGCTGCAGAGGGATTCGGGAGGGGAGTGTGTGTGTGTGTGTGTGTGTGTGTGTGTGTGTTTCTCCTCAGACGCTGCTGGAGCACTGCCAACTGGGTCAGTCCTGTCAGAATACACACCACCATGTGTTTATGTTTATATGCCTGCGTGTGTGTGTGTGTGTGTGTGTGTGTATGAGTGTGCGTATGTGTATTAGTAGAAGTGCGAGTGTGTTTGCGTGTGTGTGTATAAGCATGTGTGTGTGTGTGTGTGTGTGTGTGTGTGTGTGTGTATGAGTGTGTGTAAAAATGTGTATGTGTGTGTTTGAGAGAGTTTGTGCATGAGTGTGTATGCATGTGTATGTGTGTGTTTGTGTGTGTGTTTGTGTAAGTGTGCAGTGTGCAATGTTCATGTGTGGGACTGTGTGTATGTGTGTGTGTGTGTGTGTGTGTGTATGAGTG
