>1:11789992-11790944	AAAATAAATCAGTTAAAACTATTATGTTTAGAAATGTGTTGAAAAATATTCTCTCCGTTAAACAGAAATTGGGAAAACAAATTAAGCAAGAGGGCTAATAATTCTGACTTCAACTGTATATATTTTGGTCAATTTTCAGTTTCAGCTCAGAATCATTTCGGTGCATCACTTTGACTAACTTCTAGAAGTAAAACCCATGCAGTTTTAACAACTGATCTTAAACCTACTGTAAATACAGCAAAGCCCATGCAGTAATCTATGCTAGCGAGCCTATGCTACAGGAGCCGTAACAGCGGCACGGTCATTAAGATCCAGCCCATGCATTAGGATGAGGTTAGCGTGGCTACACTCACATGTACTCAGTGACTGGTGCGTTGCTGACAGTGTGTGCCGCAGCGGGGAGACTAGCCTCACTGCCGTAGGTGCTGCTGCCACAGCTGTACAGGCTAGGCATGTGCACGCGGTACAGGTTATCATGCGGCGCTCGCGAGCCGAGAGTGGCCGAAGTCTCATCACCATCCTCCTCCTCAGACCTTCAGACAAATGAGCACAGGTCAAACACGTGCCCCTGGGTCAGAGGGGAGCGCAGAAGGGCTTCTCCTTCACGCCATTCCTAATTAGACTCTACAGCATATTGATGGGAACTGCCAAGATTAAATGATCCATGCATTTGTTTTCTCTATTTTCCATTTACATGGCAAAGGGGCAAGTTCATTCAAGAGTGATTTTTTCAGATCTGTCAGGTAAATATATTTCCAATTTAGTAGTAAAACCACAACCCAAAATCAGAAAAAGTGGGGACCGTATGGAAAAGGCAAATAAAAAAAAGTATTGATTTTTAAATGTACTTTGACTTGTATTTCATTGCAGACAATACAGCAAACACTGTTTAAAGTGTTCCTCATGACTATTATTGTTTTGTTTTTTTTTTTCAAAATAAACATGTATACCAA
>1:11827800-11828387	CTTGAACAAAACACACTGAAATCATATAATTCCCATATTTTAAATGGTTCTAAACGTGAACATATTTATTCAGATACTAAACCTCAAAGGCACAAAACATCAAAGAGATTAAGGTTTTAGAAAAGGGCTTCAGTATTTTAGGTCACCCCATGAGCATTTGCACATGTGTGCATTAGTGCATGTGTGCACTATCTGACGTGCTTAATGATGCATGAGGCACAATGTGTTTCATCTGAGCCATCATATCGGCATGAGCTCTCTCATCTCGGCCATGGAGCCATCGCTTTTCCCCGTTAAGCTTTATCTACATCTCTCTCAATCAATCAGACGTTCTTTTCTCTGGTTCCTCTGCGTCCATTTCTCTCTAAGGGGAATAATCTCTTCTTTGTTTGTCAATCAAAGACTGAAGTCAGATATAGGACAGACGAGTGCTGATGAGGGAGGAACAGCAGAGGGGAGGAGATCATCTGATCAGGGGGAGAGATAAGAGCCCAGAAAATAGTCAACAAAGAAACCAAAAAGCAAACAGTAAATGAAAACCAAACTGTGGAAAATGAACCCCAAAGTATATGTTTTTTATTTGATTAC
>1:19397630-19398566	AAAAAGACACTCACTTCTAGAGAGCGTCACGTTCTCTTGCCCTTCATTCCATACTACCGCATCAAAACAGGAGTGGTGCACTGCTAATGCAATTAAAAAATACATACTATATAACAGTATTATTCATTCACACACCAATGCTGCTTTTGTCCAGTTTGTCGAGTTCAATGGACGGGGGCTATTATTACTCACTACAACAAAGAAAAGAAGAAAGGGGACAGAGGAGAAGTGTGTAATGAAGCGGCATAAAAGCATTAGCGAGACAGAGAGAAATTGAGCGACTTGATTCAGACATGCAGAACTTGTGTCACTAAGGAGACTGTGTGTGTGTGTGCGTGTGTGTATGTGTGTGTGAGACACACGGTGGGATATCCCAAATTAAGTCTTTGCTTGAAAGAGCTCCACCCCTCAGAAGTCACTATTAATCAAGCTACCTGAAGGAGAGTCATGCTGAACACACACACACACAGGGCTCTTCTAGTCTGTCTATAGAGACAGTGTAAGAATGCATTCATTGTGAAGTGCAGGTATTTGGTGTGTATTAGGGAGAGAGATGGGAAGAAAAGCAGAAGGGAGAGAGAGGAGATCCTGTTTCACTCACACAGGCACACACGCACACACGCACACACACATACACACATACACACATACATACACACACACACACAAACACATACACACTTGTCCAGATGTCTGTCAGGGTTAAAGTCATGCTGAGGAGGTCACATGATTGGTCATATGACTTTCTGAACACAAAAAAGAGAGGTGACCTGCACAGCTCTTTCTCTCGATTTCCTTCTTTATATATTTATAGTATGTCTAACAAAAGTCAAGAAATACTGACTGATGGTGTATGAACAAGATGTGTGTGTTTGTGTGTTCGTGTGTGTGTGTGTCTGAGTGTGTGTGTGTCTGTGTGTGTGTGTGTGTGTGTGTG
>1:19664609-19665513	ATATAAAAACCAAATCAAACATGGAGAGTCTCAAAAACCTTGCTCTTTTTGTATAATAAAAAAAAAATGAAGCAGACATGGCATTCAATAAAACATATGATATGATATGATACTCTCCAATATACCCGACTGAAAAAGTATCATTAAAAACACTCTATTGGGACATTCCTAAATATACGCGTGTGTGTGTGTGTTTGTTTGTTTGTTTGTTTGTTTTCCTACACACAAATTTCTATCCCATGTGTTGTGAAGATCTGAAACAGGTGCATGTGTGTGTTGTGGTCTGTTTTGCCAGAGATGGCTCCAGTCTAGAGGATGTGGTGGAGAAGCAGGCGGACCTGATTGATTATCTGAAACAGCACAACAGCGTTCTGAGCCGCAGGATCCTGACACTGACCGGCCAGCAGATCAGAGCCTGACTCCTGCGCACACACACACTCACGGCTGACTGTGCGTATGATGAGTTCTGAATGGTTGCGTGTGAACGTGAGAGCGCGTCTATCTAGACTGGCATCGGCAGCCATGGCTCACTGATCAGAAGGCTTTTGGGGGGAAACGAACCCTGGTAACCTCTCTAATGACAAGTCGGGGTAAACAATGGCCACAATTAGAAAGTCAGAAACCTCCGCTGCCGAAAATGTTGACTGGAGATGCTCATTGTGAGTTGGATTTGATCAGAGCTAAAGCGTTGTCGTTTAACTTCTGCTCTTCTAAGTGGGTTTATGTGAGAGCAGAAATGTGTTCGTTAGTTGTGTGCTTCATTTCCGTTCTTTAGTGCAGCATTTGTGTTTTGGGTTTGTTGATCAGTGTTGGAGCCACCGGGGAAAGCATTAGTCCTAATACTGGATGTCACAGAGCTTTTGAATCACTGTGTTTTTATCTAAACTAATGTGAATGAAAGGATT
>1:21800101-21801003	AAATCAAATGTAAAAGTTTACACACACTTCTCATATACTGTTATACAACAGTTTAAAATAATGAATTTTTGAACAAATAACCTTTACTGTTTTTTTCAAAACATTCTTCAAAACATCTTCTTTTGTGTTTAAAAGAAACTCAAACTCATTTGAAAGCACTTGAGACTGATTAAATTGTCATGTTTTAATCAAGTTTTTTTCATGTTTTTGTTTTTTGGCGCATTGCTAAAGAAGGCAGCGCTGATGAAAATAACAGACAGGCTAATTTCCGTGCATGTGCCACCCTCACTCTTCCGTCTGCAGTCCCTCTCCCTGCACCCCGTTTTCACCTCTGCTTTATTTGGCTTGAGGTCCCAGTGGGAGGGGGTCTTGTCTTTGCCACTTCCTGTCTCCCCCCATCTGCCAGGCTGACAGGCGTCCCGGGGGGGCAGAGGGATGGAGAGGGGGCTGTTGGGCGGTTGGCAGAGTGTGTTTGGCGGGTGGCGACTGGCTTTGAGTCTTCGGCTGGACTATTAGACCCCAGTCACACAGCTGTCCCTTCTCAACATCAGTAATTTGTTTTTAATGAGAATCATCACTGACCCTTGACTAATTCATTCATTCTCCTGCAGACTCCCTCGGCCTCCTTTCTTTTAGGTTTTTTTTTGTAATCCACAGGCCACTTCAGAATCGTAGAAATACACTTGGTTATTCATATTCACAAACACAAAACGCATGTAAATGACTCAGAATGCCGTTTAAATAGATGCATATTTATGTAATGCTAAGTTGAGTCCTTTTTTATCTGAACAGTCATAATTTGAAATGAACTAAAAATAGTCATAGATTTGTTATTAAAATAAGCTTTATTTAGTAACCAAGTTGTTTTGAATGGTTAAGGCTTACTGCTCTTTCGTTCTAGCG
>1:26161377-26162490	AAATGAAGCTATGGTGAGAATAAGAAACCAAGACACTAAACTTCTTAACAGCGTACCACCTTCCTCCCCAAAAGTTTACATTTCTTCACAAAATACTGTGATATCAGAGAACTGTTCCATCAAACTATAATAGATCATTTCATTAAACTCCTTACACATTTGATTTCCACCTCAGAGGTATCAAACCACCAACCACAAAACTACCAGGCCATGTGTAGTCAACCATAAAACAGTTTTCCGTAATTGAACCCACCCAATGCAGATTAGAATGTGTAAAAGGGAAAATGGCTGAGCGAGAATGCTAAAGCAGACAGACGGGGAGAGGTAGAGCCAGCATAGATCTGTTGTCATTTTCTGTGCAAGGAAATGGGCGACGTGTGCGTGGATATAAGGGGTGGGGGTGATGTTAAGTGTTCTCGGTGTGAAGTCAAGCCCTCCTCCACAGATTGCTGTCTTGCTCTCGCCACTCGTTCCTTTGAGGTAATTACTCTTTCACCTGGACAAGCTAATCAGTGAAGGCGTGCCCTGCATCAGCACCCAGCAGCCTGAGCGCCCTCAACAAACACATCTGACACACACACACACACAAACACACTGTCGACGGAAAATCCAAATTAGAGGTAGTGCTCAAATATAAACTATGCCATTTAATTAATACAGAATCATTCATTATCTTATCAATTTGGAAATGCAGAATTTGAGCAATCAAATATTGCCTAGAATTTTTCAGTTTCCTGCATCATATAAGAATCACCAGCGCTTTTCTGCAGCTCACCTTCGATGCAGAGGACAAATGAATAGAAACAAACATGTTTTGCGTATGGACACACACACACACACATAGAGCCCTGTCAGGGGGCTGTGTGGTTAATCTTTATGCACTCTGTGACCTCCTCACTGCCAACCCCGCTAAATATATTATTCCCGTGGGGCTTTCAGTGCTGCTTGGTGTCAGAAATCAATATGTATGAGCCGTGTAGATGGGAATTTCTAATAGATCTCCACGGCCCTGCGCTACTCTTCAATATCTGCCTCGGACTATTAGTGCCGGCTCAGTGGCAGTGAAATAACCGAGATAATCTGTTAAGGTTCCGCTCTTAAGGTGGAACTGCTT
>1:29812662-29813580	TTATTTTCGATCAACCATCCAGCCCTTGGTAGGACCCATATTCCTGGGCTGGGATCATTTAGAGCCCATTGAAACTGCACTACCAGAAGTCCACTATATGGAGAAAAGTTCTGCAATGTTTTCCTCAAAAACCTTGATTTCTTTCGTCTGAAGAAAGAATGAAATGACATTTTGCATGACAAGGTAGTGAGTAAATGATTAGCAATGCATAATTCTGGACGTAAAGCAATTGTTCAAAAAAACTTCACATTCACATATCTTTGTATATTTGGGCTTGTCCATCTGGGGTTGGAGGTCATACAGGGTCAGGCGTTATGCGCACACATCTGTTGCTTTTACGTGTTCTCTCTTTCCTGTGTCTCACCGTGACCCGCAACACCCCCTCCACACGCATCAGACTCATTAAAGGACAGACCGAGAGTGACACACTGTATCATTGGTCTGAGCAGCAGCCGGCGTCTTTCCTTTCATCTCAGGGTGCCGTAATTGGGCTGCAGACCCAAAGCCACGCCTGAACAGGGTTCCGTTAGCTCCTGCTATTGTTGAAACCTCGCTTTTCCTCTCCATCTTTTCCAGGAGGATGCCCAGGAGGAATTTGGCTGGAAGCTGGTTCACGGAGATGTCTTCAGGCCGCCTAGGAAAGGCATGCTGCTGTCTGTGTTCCTTGGTTCTGGGACTCAGATCTTCATCATGACCTTTGTCACTCTATGTAAGTAGTGGTAGGATAGTGATAGGATTACTATAGTAGTATAAAATTGAAAAACAGATTGATTGGTTACTGACAAATATCAGGTCAATATTAGTTTCTTTATTTACTTAAGAAAATGGTATTGGTAGTGCTAAAAACATTTCAGACAGCTGTTTAGAATAAATGAACGGTACTACTGTAGTAGAAGAAGAAGGTGATGATGTAATAGAA
>1:29814559-29815467	TTTTCTGAACAAATAACTTCTAAAGAACAATCAAAACAGTCAAGATATCAAAGAATGCTGCTTTGATCCATTTTACCCTTTGTTGTGGCTGATATAATGTATCTCCCTGGACAGTCCTGAAAGTTAGTTTGGAGCTTTATTGTATTTGCAACGTTTTCAACGGCGATGTGATGGAATTTGATGGGTTTATGTCTGACATTTGTCTGAATTTACTCATTTTAGTAGACATTATGAATTCATGCAAGTTATTCTCTCTCGCTTTGTGTAGTTTTTGCCTGTTTGGGTTTCCTGTCACCTGCCAATCGCGGGGCTCTGATGACGTGTGCAGTGGTGCTGTGGGTGCTCTTGGGTACTCCAGCTGGTTATGTGGCTGCTCGCTACTACAAATGTAAGTAAGCAAGTGGCAGAGCTTTGACCTTTGACCTCTGATCCTCCCTTCATTAGGGCTGTCTGCAGTTCGTTAGATTTAATTAGTGTCAAAGGAGCCCTCTACACGAACAGGCAGGCATACACACACCCCTGCTGCTTTTTGCTTTAGCTGTGTTTGACGGCTTGTGCAGAATACAATGAGAGCTTACCCTTCTTTTTCCCCAACCTGCCATGTTCTACTATGATATCAGTTGTAGGATCCATCTGGTGAGCTCTGTCTGTTTTAACATCAGTCGCGCAGCATTGTTTAATCCTTCCCTTTGATCTTCTCATAGTTTTTTTTCTTCTTATAAACAGAATTGTCACAGATTTTGATGAATTTATTTAATTATTATGACATTTTGGGGATTTTTCTATTTGTTTTATCATCAAACATGTTGAAAATCCTGATAATTTTTAACTAATTTATCTTATTAATATTTAACTTATGTTTGTATGTTAAAAATAATAAGTTGAACACAAAATATAAACGGATGGTGT
>1:35930949-35931862	TGATTTTAAGTCCAATTAATATGTAATATAACTGAATGAATCTAATCACAGCCTATTAACACCAACAAAACTGTGCTTATGGGTTAAATCATTACTTTCTGTAGTGGCAGCTGTGCTGAGCATATTTAAACTTCACGATCTACAAAAATATATCACAGACATTAACATATTTTCAAACACCAATCAATGTCTTAAGAAAGTTGTTATGCTGGATGACGCACAACTGAAAGTTTAAAGATAATGTCGCCTCCTAATGAGCGAGCAAACTACAATGCTCATCTGGTGTCCCACTGAGCTGCTGTCAGGTGCACTTTCAATTTGAGTCCATTTGTCTTAGCAGTATCACCCACTGCTGAGGAGGGAGGAGAGGTCGTGGAAGAGCCTTTCACCTCTGCCACTGAGCCTTCATTCACCCTCATCACAATGAAGCCGGACGCATGTGCTGAAAAGCTCTCTGAACTGATCGAAGGATAGACTCAAACTTACAATCAGTGGTATTTTCATTTCTTTGAGGGGTGCCAAGCTGTGCGTTTGCTTACATATGTGACTCATTTGTGCTTCGGTGCCATCAGCGGTTTTTGGCACAGCACTGGTGTTTTCAGTAATGCTAAGTATGATGGCAGAGAATCAGGCAGCTCGCATTTCAAACAGGCGCCTCCATTGACACTGTGCTCCTGCTCTTCTAGAAATAATGTCTGGAGTGGTAATATTTAAATACTGTCTCCAAGGGCTTTTTATTTATGCTGTAGTAGACCTTCGTATGTCAGCGCAGTAACTAACATAGACACTGAGGGGCACAAGAGCCTCTAATTATTAGAAATGGGCTTGCAAAGCAGAAAAGGGCCCCACCAGTATTTGATAATGATGATGCTCTTTTTGTTTTTTGGGATTACAGATACATTTTAGGGCAGTCT
>1:38687772-38688659	AACCTTTACATTTCAAATGTGAATTCCAAATGTCAGGTTAAATTTCCTCATGTTCTGTCTTTCATGTTTATTCAGTAATTCATTTAGTATAATTAATTTGGAGAGTCATGTTTTTAGAACGTTTTAATATAATAAATAATTCATACAATTTGTATATAAATACTATATGTATTTATACAATATACATTCATAAAATATGTTTAATTATTGATTAAAAGCCTGGATCTGACTAATCAACTTCCTAAAAAAAAAATCTGATTAGTAAAGAAATGTCCCAGTTCTACTTTACAACAACAAAACAGTGATTCCCTATTGACCCAGGCCTCTGATCCATATCCCTCTGGTTCATTTGCACCATCTGCCAGATTCTGGTCAAACAGTGGTGAGGGGATTACGCCTCCAGCCCACTGCCCATTGAGGTCAAGAGGTCAAAATTATCTAATGCTTCTCTCTCAGAGACACAGAAAGAGCAGGCACCCCTGTAAAGTGCTGAGCGGGTGGCTAATTAAAACACAAAGCTGCTTCTCCCATTAACCCCGTTAGGATGCAAACATGCTCCAATTCAAGTAATGTGTAAGCTTGGGGCACTCACGAGGAGGGAGATAATGCCTCACACTCCATATATAAACAATATAAAAATACTCAATTCTAATATCTACCCACAGAAATGGAACAGTGGGGGTTACTATTATGTGGCTTTAAAATATTATTTTTACATTCACGTTTTAATGTTGTGATTAAAGGAATAATTGTGGATCCTGAACTGAAAATTCTGTCCTTTACTCACCTTTCGCTTGTCATAAGCCTGTTTGAGTTTCTTTGTTCTGTTAAACACAAAAGAAGATATTCTGAAGAAAGCTGAAATCTGGTAATCGTTGACTTCCATAG
>1:40827344-40828236	AAAAGCGCTGTAGACATAAAGATGTATTGAACTGAATTGAATTAGAGACTAATAGCTCTGTTTTCCTTCTCTGTGTTTGTCTTTATATATCATTTGTTTCTCATAATCTCTTTATCATTTTTATTTTTACCACTTTTTTCTGTTCTTTTTTTTTTCTCCAGTTGTTTACATTCAACTTAAAATTCCTCAGATATTTTTTTTCGTCTTTCTCGTGTGTAATTGTAGGCTCAGCACATCCACAGAGTTTTTGGCTGGAACCCACAGTTTAGGCCTCTGCATCCATGTAAAGAGCCCCGCTGCTTTCTTCTTTCTCTTTCTCTCTCTGCCTCTCTCTCTCCCGGCGGTGAGGTGTGCTCAATGTGGCAGAGATAATTTGTTTGCTTTGCAATTATTTTCCATCAGTGGAGACAAATTGATTTGTACAGCATAAAGCGACAGTGAGGGTGCAGTGCGCTATAAGCAGCTCAGACAGATCAGCGCTAACTTGCTTATGCTAAAGTCTGACAGACAATGGCACTGTCCCTGTCATTCACTCGCTGGTGAGCACAACCGTGCTGCTCTGAAGTCAGTCCGCTCTCCAGTATGTGGTAGAACTTGTTGTTTGCTTTATGAAAGTTAGCGAATCATGATCGTTAATGCATGACAGAGTTGGACAATTACCATACCAATGTCGATCTGAGTTAGCCTTCCCTGTTAATTGTCAATAACATGTCATCTAAAGGAGTCTTCTGGTATTGCAATTTTTTTTTAAAACACATGCAAGCACGCACACACACATACACACGTGCACACAGGTTTGTTTTTGTGAAATGTGGGACATAGGTGTTCATTGTTTTATAATGTACTCCAACCCCATCCTTAAACCAAACCCTCCCAGGAAACCGTGTACTGTG
>1:40832325-40833308	TTCTTCATGTCTGTCACTGTGCTGATTATCTGCCACAGCCGAGGTGGAGATTGAGGCACACTCTGACATAAACGTGAGAACGGTGGGTGGGGAAAACTAGCATTAAAGGCACAAGCAACAAAAACAGCTACATTGTGTTCAGAGCAGAAAACAGTGTTCTGAAAGCTATAATGAATAATCTGATGGGTGTTTTAAGCTGAAACTTTACAGACACATTCTGGAGAAACAAAAGACTTATCTTAAATCTTTAAAATGGAGAAAAATGGGTGCCCTTTAAACTTTAGAAAAAGTACATCTAGATTGCCTATATCTGCTAGTGAAAAAGCTGTGAATGACGGTCATATGCTGAGCTCACACACTTGCCTCTCTCTCTCTCTCTCTCTCTCTCTCTCTCTCTCTCACTCACATGTACAAGCACAAACACACACACACTGCTCCCCCATGTGAGCCAGTGAGTTCAGGGGTCACCAATTACTTGGGGAGGCTGAGAAAGTTGCAGAGGCCAAACCCACGACTGCCATGTTGAATTAATGTCTGCTTGCTCACAGGTAGAAGTCAGACTCACTCCAGCTCAGTGGATCATTCAGTTACGGGCCAGTCATGCAGCATGCAAAGTGTATTTGAAACCACTTGCATGTACAAAAAAATTTCATGTACTGTAAAATGGGGAAAGATCATTTTAAAGGTGTTTTTGTAGACATCCATGTTAACATGAAACATATTATTTCAAGCATACATTGAAAACATTAATACAGAAATACAGTAAAAGCATGGTTTATTATACTTGTCTGCAAGATATGCTGAAATATGCAATACAAAACAATACCTTGCTTAAATATAAAGGCAAGACACTACAAGCAAATGTATATGCAAATTAATGCATAATTTATAATAATATATCCCTCATTTGCACCTTTAAACCAAACCATTCAGAAAAAAAATGTAACTGGTCTGATCGGGAATATACACTACCGGTCAAAAGTT
>1:40886441-40887345	TAAAGCAAAATGCACGTAATCCACCTTCCGTTGATTCTTTTATTTGAAGGGAAGTCAGTTAAACACACTATCTGTGGCTTGGGAGTGAGTTATACCTAAAAATCACAGAAGAAAGACTATTTTTATATTATGAAAATGTTGTATTGTGTACTAAAACACAAGTTTGATAGATTTTGAAACCTGTTTAATTGAATGGCTCTAGTTTTTCCAACAGCTGCCTGTCTTTCTAAACTAAAACTGATTTTTTCCCTTATTGCTATTCATCCAGAAACATACTGCATGTGCTATCATTTGCGTATTTTTTTCATGAAGGTGTCTCAGATCAGGCTGAGAGTCTCTCACAGTTGAGCTAATGCCTGATCAGTGCATCAGACAGTGACACAGTGCAGTGTAAGCTGTCTCTGGGGCCTCTTTCTGGAGCCTGTCACAGCTCTTGCATTTAGGTCACCTTTACTACATGCACATTTGCTTTGGCCATCACTTCTGCTCCACTGCCCACCCTAGTACAAGCCACAGCAAGCCCAGTTAAGTTGGCAACTCCCACTGGTTTTATTGCTCTGTGTGTTTGCATGTGCGTATGTGAGCAAATGTGTGTGTGTATTTGCACACGTGCCACTGAGTGCATTTGTTCTTTTATGTTTGGGTAATTAAATGTGTTTTCCACATATTATTCTCTTTCACGCATACTGGTTCTGATAAGTCTCAAAATATAAGGCATCATATGATTTTGCTTTAAAATGCTCCGCTGTTCAAATGTTTTGAAACAGTAGTATTTTTTATGTTTTTAAAGAAGAATTTTACTGCTCACCAAACCTGTTTAATTGATCCATTTACAGCAAAAGCACTTAGATTTTGCATTATTTAAATTTTATCATCATTATGCCAGTAACTTTGTCACTAATTAC
>1:40910868-40911714	CCCCTCTCTGTTGAGTTTATCTGAAATCCAGGCAGATGCTATTGATGTTTGTTCACGAAAAAAAAATATCACAGTTGGAAATACCACATTATAGCAGTTTTGTGCCGAAATCAAAAACAATATCTTACCAATGCCATGCAATCTTGCATCTGACCCTTCTTTACATGGATCCTCGCTCTCTCCGGGGTGATGAAGACAGCCATCCCGACACACCACGAGCGATGCCCTTGAATGACAGCTGTCAAAGTTTCTGCTGCTCGTCTTGGAGTTGAGGATATTGTCAATGGTGAACTTCAAAGAAGCGGGTCGACATGACGCGTCCTCCTTGCTCATATTCTCCGTTAGATGCGGGTCCGTGTCTGTGCCTCTTTTTCCCCCGTTTCATAAACTAGCGTCTCGATTCTCCGAACACCATCGCTCCACGACGCGCAGTGCTGCTGCGTTTGCCTAGGCTGTTAGTCCACTGACCGGAAGAGCACGATTCTCCATCGTTTATTGGTCATGAGAGTCAGACAGCACGGCGGCCAATGGCAGAGGGGGGTGGGAGCTTCAGATCAAACCTATCCAGACATCTGGCACACATACTTTAATATTTGAACTACACTGTGCTGCCTACTATTTTTAATGAGTGCTTTTAAGAAATGGAAAATAAATTCTGATTTTAGCATGGAGGCCAATTTTGCGACCTTCTCCAGTTCGTTTGATAACCCTTGTTGTGGCGTGTCAATTGGAGATGAAATAATGTTGAATTGCTTATACCAAATATTTTTAATTGACCCTTAAATTCCCTATAAATTTAATTATAGCTACTGTAAATTACATTTTCTATTTGCACGTAAGCCTATTT
>1:40914262-40915151	ATGCGTTCGGGTAGCGCTTGAGAGCATTCGCTCTCTCCGTGCCATCGTTATCCTTTATTGGACAGACAGGCTTTTCTGTCCTACAAGAGCCAAGCAAATTCTCGATAAAAAACGACGAGCCCCTGGATGTGGTGGAAGTGTGCTGTTGCTGGCTTTTTTCATGCATGTCTTGAGCAAATATACCAGTTATAGAAATAGTCGGGTGATACGTGAATACCTCTAAGCAAAAAGTAACCAATCCTTTCTTTCCGGATATCCCACCATCGCTATCCTTTGTGCGTCCGCGGCGCCAGTACGGAAAGAAGCGGGGCTGTAGTAAAGAAAAATCCTAGTCGAGTCAAACGCTTAACAAGCGGAGGGCATTCTGCTATTGGACGACTACAATAGCAAATGGGATTACACGCGAAAGGGTAGGCTATTACCGGCTCCAGTTCGACTTCGCTTTTGATCGTGCCTCGGGGTCGGTGGAACCCCTGTCACAGAGGGCTTTATTTGGGTCAATTAGGGAGCAAATCAAAATACAGATAGTGGTTGAGCGCATCGCGTCAGCTGGGGATCTCGCAGAATCGGATGCTGCTCCGTCTATTGGTCGGATGGATCGCTACATCACAGCGACGTTACAGCAAACGCCACTGTTTGGCAAAGAGACAGCCTTCTTCGGGGTATCCCAGGATATGTTGTGCTGGGTTAATGCATTAAATACGTCTGTTAATGTGTTTAAACCACATCTAAAACATTCCAGATTTTTTAAGCTAATCGTGATCTGTAAAACACTAAGCTTTTTAGATCAGCCTTATTAGATATGTTTACCTACTGACCCATGATATTCGATTGAAAAATAGGCTGTTTATTCGAGCGTAAACGTTGTGAATTGAAATAAATAAGTTCAT
>1:40920213-40921112	AAAAATTATAAACAATGATATTTTGGATAATATTTTAAACAATTCTGAAATAGATTTGGAAAAAGTTTTTTGCAGAGCAAATGTTTAGATTAAAATGATTATTGTTATTAATATGTTGTTGTTGTTGTTGTTTTTGTTGTTGTTGTTTTTGAAGATTTAAAGATGACTTTTCACCAGCAGTTTGAACCAAGTTTAGCAGTTGTTGTTGAAGGAATGTTGGTCTGTACAGCCGGTTGAACTGATGGATGGCAACATGGTTTTTGTGTTCAAAAGTTCAGTCAGTCATGACTTTTGTATGATTGTTAAAGACTGCTTGTTGTTTCCTAAAAGACAGTAGCTGGGTTCGGACTGGCTCTGCTATGCTTCTGTTTCGAGGACCCTTCATTTGACCCATTAAACTCTGCATTGACATCAGACACGTTTTCGGTCCAGGCATCTGCTGTGACTCTTTAGTGGTGCGGTCAGGCCGAACGCCCTCATGGTCTCTGCGGTCTGAACCTAGATTGAGTCGTCACCGTGAAATTGGACTTGATATATGGGCGGAGGTTGTGCTAAAGTTTTGCTGTGTTCTATGGCTAACAGTTAACCATTTTCTGAAACAAAGGGTTTGGAAAGAACCAGGTAAATGAAAACTGCATGAAAATTAAACTGTTGAACATATATTTTTGTAAAACTATAACATATTTTGGCATTAATTTGGATTATGCATCATATTAGTTACTATACAAACCTTTATGATGCTTTTGCTTTGTTTGTAAAAGAACATATAGTCCATCTGAATACTTTTATTCATTTTAGCTATGAATTAAAAAAGTGTTTATTAGCTATGAAAAAAGTTCCCAAAAAAAAAAGTTCCTTTTTTCAGGGTTTTTTTCAAAATGTAAAATCTTCTGGCTTTGC
>1:40926845-40927749	TTATATTATGTCTATACACAGATACATTGGTTAGCAACTACACAGGCTTAGAAAACCATCTGTATTGACTAATACGTAACATCTTTTTTTTTTTTTTTGTGAGAAGAAGAAAAAGGGGGGGAGCACTTGGATGTCAGGAGGGATCCTCTTTCAATCGCCAAGTTTAAAACTAATGGGCAACTTTATTCAAAAGGACAGAAAAACGACATTACCTCACTGTATTAGCCGGCCTGATGGTGAATCAGTATAATATATGAAGGGTAGCCCAGTCATCCCTCCATCTCTGCTTCTTGGGGATGGATTGCTCATGCCTGTGGTAATTGGTGAGCCTGTTTGGGGAGTGCTGATTAAAGATGGATGTGGGGAGTGGAGGCAGGACTGGGTTAACAGAAAGCGACAGGAAAGATGAAAGGCGGTGGTATTAATGCGTTGCCCAGAGGAGAGCAGCCCAGCCTGGAGACGCTTGTTTTTCACTCTGTTTGTCACGCAAGTTTCTTGCCCCGCCCACCCCGAGTGCTCACAGGCCACTCCCACTCGCTCTTTATTCTCTGTCTGTTACGCCTGACTATCTCTGCTGTGTTGTGGTGGTGCTTCTCAATTGTATGTTCTGCGCTTTGTCTCTGTTTGTACCTGTCGCTCTGTCAATCTTCTAAATTTTGTCAGTTTTTCAATCTTGTCATCATCTTTTTTTCTCTTCTCTTTTCTGCATGTGTTTTGTAATGGGTAAATGTATGTTTGTGTGTGTAGGTCAGACAGTGAAAACAAATGCTGGTTTAAAGTAGCTTCAAGTGCTTTTCATTAATTAATTAGAATTGAAATACTTGAATCCCTCTTTGGCTCACCCTTTTATTTCTCTCAGTAGAATGTTACTAAAATATTGGATGTGTAGATGAAATAAAATAATA
>1:42514575-42515482	TTTCAAAAATCCTGATTGATCATCCCTACTTAAAACCTGTAGCCATTGATAGCTTACAGGTAGTTACAGGTTTTTAACATGTTACTAAATGACTTATTTTGTATTCAACATACAAAAAAAAAAAAAAAAAAATTATAAAGGTTTAATAGCACTTGAGGGTGAATAATTTTGGGATTAATTAGGGATGAATTATCCTTTCCAAACCCTTATGAAAAGATATTTTAAAAAATGTTGGGAACCAGCAGTCAATGTAGAAAATGGATGAACTGTCTCTTTAAATTGTATCTAGGTAAGGAGCTTGTTACATTTCCTCAGAGCTTCTATGTTTATTTCCCAGCTGGCCAACATCACTGTCTTCTGAGTGGACAGAGGGGTTCGTGTGTGTATGTTTGTTGCCTTGGCATCAGCAAAGGGCTTTTTGTGTGTGCACAGCAGGACGGCTCAGCCATAATTAAGACAATTAATTCAAACGGAGAAGAGCGTTGCACATTAGCCAAAACATTTGCACACTGCTGATTTCAGCCGCTGGCTTTAAGAAATGTCAGTGGCATCAGGGCTAATCTGATTAAGTATTTGTTGTCCGTTAATGCACAATTAAAGGAAGGGGGAAAAGTAGTGTGCGCCTCTATACTTACACTCTTCCCTCTCTCATTTTTTTAATTATCCTGCCTCTCTTTTGTTTCAAATCCCAGGGTTCTTTCTTCTTTAGTTTTTTGTTTAGGCACATATGGACATGGGAATCATGCTGGGATTTGTGCTAAAATAAACAGTCCAATATGGAACGAGGTGGAAAATGATATTTGGTCAGACAAACATACTTCAGAACAATGATATAAGAACATAAAATTTAATGCTTAACTGATATTATACATTAATCCTGGAACAATGATCAAAGTACAGTTTAACCT
>1:42589684-42590570	CATTGAGGATTGACTCTTCAGTACTGGACAACAAACTAAACTAAATACACAAGTAACGATTACAAAGATTGCAAACAAGGGTGGCACAACAGGTGGAACTCATGATCATTAAGGAACAGTGAGGAAAAAGAACAAAGTGGTCACATGACATAAACATAGGCACATGGAACCAACACATGACACAACACAACACAGACACAGCAGACATGTGACATATAAACCTATTGTTATGTGTGCACTGTTGCATTCAACGTTTGTGTATTCATAATCTGTGCTAAATGAATAAATGTGCATTATTTGGTCTTTTCACGTAAATCAGATGTTTGTTTTCTTCCTACTGTAAGTTGCATAAACCTCCAAAAAAAAAAAAAAAAAAAAAAACTTCATTTGTATTGTCCCAGACCAGCTTTGAGTCTTGTTGACGTATATTTCAGTTGAACCGCTGTGCTCTTCCTGACCTTTCACTCTCAGCTCTCTCTATTACACTGAATGAGACAGAGAAGAAATTGGTTTCGACAAGGTCTGAGCCATGGGGCGACCTTTGGTCTGCTGATGGCCAGATCATCCATGTGAACTGCTTCCAGGGCTTCAAATAATCTCCAAAAAAAAAGTACAGCTAACTCTGGACTGCTCAGTGTCTCTACATTACATATAATATTCCACTGCGGGGAGCTCTGCAAGGCGCCAATGACTCAAAAAACCCAAATCACTGAACTCTTCTTAAACATTAACTTGCGTCCTCATTTGATCTGGTAGCTTTATTCAAAGTGGTCTAGACACAGATAATAATGATTATTTCTTTCACGGTTTAATCTTTATGTGCCCATCTCTGCATTGTGTTATGATTGTATAGAGCGTTAATTGTTTTACGCTGCGTATTGTGTGAG
>1:42724522-42725461	CAATCAATCAATCAATCAATCAATCAATCAGTCAGTCAGTCAGTCAGTCAGTCAATCAATCAGTAAATCAATCGAATAATGACAAATAATTAAAAAAAAATCTAACAAATTGAACTAACATTTATTCTAGCCTCTGAAGGATCTAATCCATCCACACATTTGGAATGTTTAATCCCGCAGCTTGGCTACCAGTCCTGTTTTCCCTCTTGCTTGTCTCTGTATTGAACCTGGCTATTCCCCCCATGTTTCTGTGAAAATCAAATCACATTAATAGCCGCTCCAATGAGTCCTTTGTACCTCTTCTGGGCACTAATGCCTAATGACCCATACAATATTAATTGAATCACTTTAGGGTGGCCAAATAGTTTAGTCAAACAAGTTTGCAATTTGTGTTGTCTTCATTGTTTTTATCTTTTTTTTTTTTTTACTCCAGAGTAAAGCTGTAGTGTAAATAACAGTGACAATGAACAATGAATTTCCACTTCAATTGGACATTTAATTGGATTAATAGCGATGAAGAGGAAGGGAGAGGTGGTCAGGCGTGGAATACCCAAGCCATCTTTGTTCTGTCAGCTTATTTTAGTGGGACGAGTGGCCTGGAGCATGAAACAAAAGAACATGAGCACCGTATTGATCCCTGAGGGAAAATCCAGGTGCAAATGGGAGCCACATCAAACAAACCGCTGGTCTACGTTGAACCCAATTAAGAGCATGCGAGATATAGAGTGCAGTCACATCAAATGCATAGCTAGCAGTGTGAATGCATGCTATTATCATGTTTGAACACGAATAAGGGAAAACGTCCTTGCTGAAAGTCACTGTTCCTCTCAGGAACATGAGAGCCAGCATGTATGTAGGGATGGCATTGTAATGTCAAAAGTAGCAGGCAAATACGATCAACTCCAGGGCTTCAAAGATCACAATGGTGGAATGAATTGGT
>1:42792377-42793253	CATTAACAATAAATATCGTCCAGACACTCCATTAAACCAAATAATAGAGAATCACACCCCAAATGGATAATGCTTTGATATGTAGTTCCCATAAGCTCAATATTCAGCAGCTATTTTGTCTGTCATTACCATCACAAAGCAGTTTGTCATTACCAGTCAGCCGCTGTCATCATGGCAGCCCATAAATCCTGCTTGTGAATCACTCGCTGAATCATTCGATGAATCATTTTTTGATGCGTGATGTGCCAGTCTCTGTCTGCCTTTAAATGACACTGTCACTTAGGGCTCATCACCCAAGTTCATGCTAGTGGGCACGTTTTTTTTTTTTTGTTCATGTCGCCTGACAATTAACAGCCTCTCCTATTAAAGAGCCTCTATGGTAATGTGTTATTGAGTCCGGCAGTGGCTAAAGAGGGGTCTCTGGGTGTATAATGTGGTTAATGCCTAATTGGCCCTCTGCTGAGATAATGTAGAGGGATGACAATGAAGGGTCAGGTCTGACTGAGGCTTACGCTGCCTGCGGGAGGGGAAAAAGGGAGAGACTGGACCAATGAGCTTACCATCAGCTGGAGCTGTCACTGGACGGATGATCCTGTTTTGTATCTACCTTTTTTTTTCCCCAATGCCCAATGAGGCTTTTATGGGAGTAACTTCTGTTAGACTGTCAGTAAAGAGTGACAAGTAGAAAAAAAAAATGGGTGTAGATGTTTCCATCTAGCTGTTTAGGTGTAATTTAGGATGTTGCATTTAAAAAAATACCTAAATGTAAGCTAAAAAATTATAAATCTATGCAAATTAAAAAAATAAAATAAAAATATATTTGTTTTAATAAACTATGATTAAAAGACATTTACCAAAATAATACCTGGAATAGCAT
>1:5523827-5524794	TTAAGATGGAAAACAAGATCATTCACGGAAGAAACCACTTCACAGTTCCCATAAAGTAGCATGTGTTTGGTTAAAAAGACATCAACTGGACATTTGAGCCCCCAAAGACACACTTGAAACTTGGTTATCCTTATAAGGTTGTTTTGGCCCTGAGTAAGCTCTAAATCTCCCAGCTCAGACATTTGCTAGTGCCAGCTCTCACTGTGAACAGACATTTTTACACATGAGTGAGAAACTTGGGCATTTTTACCAGCTTTGAGAAAAGTTAGTAAAATTCTCTTAATAATAGCTCTTTGAACTTAATGCAGAGATAAAATACTAGGAACGTGTGAGTGGAGAATATTTTGACAAACAGGCTAACTGAAACAGCAGAAAGCTATAAAAATGAAAAATCTCTTCTCCATAAAAGGAGCTCTTACCGGGCTGTTGCTCTCCAGCTGTGCTTGCCTGCAGGACCAAAGGTTCGCTCTCCAAGTTGTCTTCCACTGAGTAAATGCTGATATTGTATGACAGGCCAGGTCGTAGGTCACCCAGTGTCACCGATGTCTGAGTCTCAGGGAGGATGAGCTCAGTGCTGCTGCCCTCGACTGAGGGTGTGTACACCACACGATAGCCTGAAAAAGAGTTCATTCCACATTCCAATACACCATGCTCAAAAGACAACTTTATAAGACATTCTTAAATCCCAAATGTTGGTTTGCATATCTTATACCAGTAATGGGTGCTTTGGGTTTGGACCATCTGATCACAATGGAGGTCTCCTGGACATTTGAGACCTCATGATTGGTTGGAGCATCAGGTGCTGTGAATAGATAGGAGATTCATTTGAAGGCACATTCTGACGGCTGGTTAAAATGTGAATCTTTAAAAAGTGTAGTACATATAATTTTGAACAATCAAAAAGGTTTTGCTGTTGTAAGCAGGAACTAAGACACTACATACAGTGATCTTACCAGTGGTTTGAGTTG
>1:899682-900575	AAAATAATGGGAATAATTCCCCCACAGTTCAAACACATGTGGTATAGGGGAATTAATCAACTAAACTGGCTGTAGTGTGTAAGTGTGTGTGTGTGTGTGAATGGGTGTTTCCCAGTACTGAGTTGTGGCTGGAAGGGCATCCACTGCGTAAAAAATATGCTGGAATAGTTGGCGGTTCATTCCGCTGTGGCGATCCCTGATAAATAAGTGACTAAGCCGAGAGAAAATGAATGAATGAAGAATATAAAACTGTTAAGTTATTGAACAGACCTCATCTCTGCTCATCATGAGACTGAGATCCTAAAAATGCTGTCATGGCCCAAACGGATGATTAGGATAATGTGGTCCAGGTTGTTTTTAATGAAGAGAATGCAAAAGCAGACATTCCTGCAGGGTTGGGGTTGGGGTTAAGTGCAGAGGTCAGGGTCAAAGGTTAAGACAGGTTCAGGACTGACGTCAGAGCTGCAGTCGTCTGACGGAGGAATGAAATCAAATCTGTCCTGATGTTCACTCTCCCAGAAGTGATGCTGAAGAGAGCGTCGACTGCGCATGGATAACGTCAGTGTCAAGATATCAGAGCATTTGCTCCAGAAAGGCAGAAAATCACTGCTTATAACACGGCTGTCTGGACTAGACTCTGATTGGTCCGTTGTGACATTCAGAAGGATGTTATTCCCAGATAACAACCGTGAAATCACAGAGTTATACGGGAATTGGGAATCAAACGACCGAACCAGCAACCTTCTTGCTGTGAGGTGATTGTGCTACCCACTGTGCCACCGTGACGCCCTTTATTATATTTAATATTTATTAATTATTTTTATATTTCACATAATTTATTTATTTAATTGTATTATAATGTTATATTTAATTTTGTATTATTTACATATTGTT
>1:933173-934106	AGGGGAGTTGATCAACTACATTGGCCGTAGTGTATTAGTGTGTGTGTCAATGAGTGTGTATGGGTGTTTCCCAATATTGGGTTGCAGCTGAAGAAGCATCCGTTATGTAAAACATATGCTGGATAAGTTGGCGGTTCATTCCGCTGTGGCGACCCCTGATAAATAAAGGGAGTAAGCTGAAGGAAAGTGAATGAATGAATGACGAGATATTCTTCAACACCTGACCTGTTACTGATTAGTCTAACAAGCTGATTGGTTGAGGCAGTTTTTCTGAGAGGGGTCTGGCTGCAGACCTGGTGCAGTGCAATCTGAGCTGCATCCAATGCTTTTTAATGCGCCCACCTAACCCCACCCCTAACCCCATCTGTCACAGTGACGTCACTCGCTCCATTGAGTGCATCGTGTCTGACAGCAAGATACTATTGGTTTTTATTGGTGATTCTCAACAGAGAGAGAGAGAGAGAGAGAGAGAGAGAGAGAGAGAGAGAGAGAGAGAGAGAGAGAGAGAGAGAGAGATCAGTCTTTCTGAACATGAGTGGAATCTGTTTTATTTCTGCTTGACTGCATTCTGACCTGAGCAGAGACTATTTTCCCGCCTCAGCAATAACACACACATGACCTGACCTGTGTGCTTATGCTGCAGACTCCTTCAGCTCATGTGACCAGTGAAGACAATCTGAAAGATGTAGAAGAGCAGCGATTACTGTGAGACGGACGCTAAACACTGAAGCAGATACCAGACACATTACAGCTGAGCCTGTGTTTGGGCAACACACACACACACACACACACACACACACACACACGCACACACACACACACACACTGTATGCCTGATGCTGTCAGAAATATGCTCATAATCCCTGTGTGTGGGGTGTGTGTGTGTGTGTGTGTGTGTGTTTGTGTGTGTGTGTGTGTGTGTGTGTGTGTGTGT
>1:945891-946778	CACTCATACACACACACACACACACACACACATACACACAGTCCCACACATGAACATTGCACACTGCACACTTACACAAACACACACACAAACACACACATACACATGCATACACACTCATGCACAAACTCTCTCAAACACACACATACACATTTTTACACACACTCATACACACACACACACACACACACACACACACACACACATGCTTATACACACACACGCAAACACACTCGCACTTCTACTAATACACATACGCACACTCATACACACACACACACACACACACACACGCAGGCATATAAACATAAACACATGGTGGTGTGTATTCTGACAGGACTGACCCAGTTGGCAGTGCTCCAGCAGCGTCTGAGGAGAAACACACACACACACACACACACACACACACACACTCCCCTCCCGAATCCCTCTGCAGCTCCAGAGGCTCATTATTTCTGAGTTTACGGCTTCAGCTCTTCAGGTGCTCACTTCTAATCAGCTGAACAAGAGAGCGGCTCGCCAGTCTAATTCATTACTAAACTAGGTCATTCCACTTCTCCTGTACTCAACATAATAACAGCAGTAATCATGTGTGAGGAGGATCAAAGCTCTGCAGATCCTGCTGAAATCTGGGATCGGGACTGGAGGGTATGGAAGTTTATTTCAGCTTCAGTGTAAAGTGAATAATATAGTACAAATTTTAAAGTATTTATTTCACCAACAAGGTTTGCTTTTCTATTATTTTTTTTATTTTTTTTGTCCCAATACAAAAAAAATCTGGTTGAAAGTCAACATCTTTAAAATCCCAAGAAAGTGTCCTTATTTTTTTTTTTTTTGTTTGTTTGTTTGCTGTTTTATCTGGAAAAGTCAGAATCCCAAAATTATAAA
