>1:26291902-26292836	TGGCAAATAATAATTTCCTCTCTAGCTTATCCCCTGAACACTGCAGACCTTTAGCAGGAGAATGCATGAACAAGCTGAAATGCGGTGCTGCTGAAGCAGAGATAATGAATCTCCCGGAACGTGTTGGAACTTTTTCCGCTATTCCGGCTTTAGGGGGCATCTCATTACCTCCCGGGGTCATCGTCATGACAGCCCTTCACTCCCCCGCAGCCTCAGCAGCCGTTACAGACAGTGCGTTTCAAATTGCCAATCTGGCAGACTGCCCACAGAATAATTCCTCCGCATCCAGCGGAAACCCAGCGAAAAAGAAAAGGAAAAGGTGTGGGGTCTGTGCGCCCTGCAGGAGGCTAATCAACTGTGGAGTGTGCAGCAGTTGTCGGAACCGTAAGACGGGCCACCAGATCTGCAAGTTTCGGAAATGCGAGGAGCTAAAAAAGAAGCCTGGCTCATCACTAGAGGTGAGACGACGGCTCAGACACCACACTCCCCCCCCCTCCCTCCTTCCCTCCGTGCACTCAAAAGCATTAACCTTTCCTTCTAGTCACGTTTCTAAGCCCTTGAAAATTGTTTCCATGCCCACCCATGCCTGAACATCCCCCCGGCTTCTCAAATCTGCCTACCCGCCTAGCCTAATTGGCAGTAATTAGGGGTGTTTGTGCGGAGCGCAAGCTGAGCTTGGCTCAGACACCCCTAATTGCTGCCAGTCAGGCTGGGGCTGGAACGCATCCGAACAACCCAGGGCTTGGCTCTGCTCCAAGCTGAGCTGGGAAATGGTTTTCAGCAGAGAGCCATCCTTCTCTGCACTTGGTCATTTTAACCAATTATAGAAACTGTCTCCTGACGAGGCTAGTCGATCTCCCCCACAATGAGAGCAATAGGGAAAATTCCTGCTGCTCCTCTGTTATCACGCTTGGGATATGGAAAGTCTGGATTTT
>1:29814559-29815467	ACACCATCCGTTTATATTTTGTGTTCAACTTATTATTTTTAACATACAAACATAAGTTAAATATTAATAAGATAAATTAGTTAAAAATTATCAGGATTTTCAACATGTTTGATGATAAAACAAATAGAAAAATCCCCAAAATGTCATAATAATTAAATAAATTCATCAAAATCTGTGACAATTCTGTTTATAAGAAGAAAAAAAACTATGAGAAGATCAAAGGGAAGGATTAAACAATGCTGCGCGACTGATGTTAAAACAGACAGAGCTCACCAGATGGATCCTACAACTGATATCATAGTAGAACATGGCAGGTTGGGGAAAAAGAAGGGTAAGCTCTCATTGTATTCTGCACAAGCCGTCAAACACAGCTAAAGCAAAAAGCAGCAGGGGTGTGTGTATGCCTGCCTGTTCGTGTAGAGGGCTCCTTTGACACTAATTAAATCTAACGAACTGCAGACAGCCCTAATGAAGGGAGGATCAGAGGTCAAAGGTCAAAGCTCTGCCACTTGCTTACTTACATTTGTAGTAGCGAGCAGCCACATAACCAGCTGGAGTACCCAAGAGCACCCACAGCACCACTGCACACGTCATCAGAGCCCCGCGATTGGCAGGTGACAGGAAACCCAAACAGGCAAAAACTACACAAAGCGAGAGAGAATAACTTGCATGAATTCATAATGTCTACTAAAATGAGTAAATTCAGACAAATGTCAGACATAAACCCATCAAATTCCATCACATCGCCGTTGAAAACGTTGCAAATACAATAAAGCTCCAAACTAACTTTCAGGACTGTCCAGGGAGATACATTATATCAGCCACAACAAAGGGTAAAATGGATCAAAGCAGCATTCTTTGATATCTTGACTGTTTTGATTGTTCTTTAGAAGTTATTTGTTCAGAAAA
>1:29812662-29813580	TTCTATTACATCATCACCTTCTTCTTCTACTACAGTAGTACCGTTCATTTATTCTAAACAGCTGTCTGAAATGTTTTTAGCACTACCAATACCATTTTCTTAAGTAAATAAAGAAACTAATATTGACCTGATATTTGTCAGTAACCAATCAATCTGTTTTTCAATTTTATACTACTATAGTAATCCTATCACTATCCTACCACTACTTACATAGAGTGACAAAGGTCATGATGAAGATCTGAGTCCCAGAACCAAGGAACACAGACAGCAGCATGCCTTTCCTAGGCGGCCTGAAGACATCTCCGTGAACCAGCTTCCAGCCAAATTCCTCCTGGGCATCCTCCTGGAAAAGATGGAGAGGAAAAGCGAGGTTTCAACAATAGCAGGAGCTAACGGAACCCTGTTCAGGCGTGGCTTTGGGTCTGCAGCCCAATTACGGCACCCTGAGATGAAAGGAAAGACGCCGGCTGCTGCTCAGACCAATGATACAGTGTGTCACTCTCGGTCTGTCCTTTAATGAGTCTGATGCGTGTGGAGGGGGTGTTGCGGGTCACGGTGAGACACAGGAAAGAGAGAACACGTAAAAGCAACAGATGTGTGCGCATAACGCCTGACCCTGTATGACCTCCAACCCCAGATGGACAAGCCCAAATATACAAAGATATGTGAATGTGAAGTTTTTTTGAACAATTGCTTTACGTCCAGAATTATGCATTGCTAATCATTTACTCACTACCTTGTCATGCAAAATGTCATTTCATTCTTTCTTCAGACGAAAGAAATCAAGGTTTTTGAGGAAAACATTGCAGAACTTTTCTCCATATAGTGGACTTCTGGTAGTGCAGTTTCAATGGGCTCTAAATGATCCCAGCCCAGGAATATGGGTCCTACCAAGGGCTGGATGGTTGATCGAAAATAA
>1:26915347-26916247	ACATACTATAGTAGGTTGACTATGAAATAAATGGGAATGAAGTGATGTCAATTTTTTCAAAACAACTTCCTTGCAAACAACTCGGACTTATACACTGAATACAAATGCAACTCTAGACATTTATAGCAGCTAAACACACTGACATTCCTGTCTTGAGGTTCGTTCCCTGGAGATTTTTGGGGGGTACATTCAGTGACAGTCAGTGCGCGCGTGTGTGTTAATTACTGCTGATCTCGTCTGCTGGAGGTGTCGCGCTTCATTAGGCCGCCTTGGCCCTTTCCTTGCCAGGCCTCATTTGGCCCATCCTTTGCTGAGGGGTCTAACCCTGCCAGCCAGTGCGGCCTGGCCCTCCCCTGCTTGATCTCTACCCCCGGCTCCCTCGTACAGGAGGGCTCACTCTTTTTACGCCCCCACCTTGCCTGCTGCCTGTCCTCCTAATCCCAGCTGAGCTCATTATGATGTAGCCTGGCTGCCTCCCTCTCTCTCTTTGAGCCTGAGCTGTCCAAGCTAATTACAGGCTAGCAGCCAACACTCCCCGTTAAGGGCCTTCTGCCGCCGCGCTCGCACTAACGCGCTGCTTGGAAGTGACCTGCGAGGAGCACGAGGGAGCTGCTCTCTTTCCAGCCACGCAGCACCTGTCCTTCGGGGTTAGCCGTGATCCCTGTCATGCCCGTTCCAGCGAGCACTGAGTAAACTTAGGCCAGGCTAACTCGTGCTTTCAGGAGGAGGAAGAAAGAAAAAAGAAAAGAAGTACAATGTTGGGGCGGAAGGGGAGCTCTGTCTTTGATCTCCACTTGCCCGAGACGAGCATTACTGACTGTGTGATTGTGGAAGCACGAGTCCCCGTTTCTTCCTGACGTCCGTTTACACTTAACCTTGCTTTATTTATTGTTTGCGCTCA
>1:42724522-42725461	ACCAATTCATTCCACCATTGTGATCTTTGAAGCCCTGGAGTTGATCGTATTTGCCTGCTACTTTTGACATTACAATGCCATCCCTACATACATGCTGGCTCTCATGTTCCTGAGAGGAACAGTGACTTTCAGCAAGGACGTTTTCCCTTATTCGTGTTCAAACATGATAATAGCATGCATTCACACTGCTAGCTATGCATTTGATGTGACTGCACTCTATATCTCGCATGCTCTTAATTGGGTTCAACGTAGACCAGCGGTTTGTTTGATGTGGCTCCCATTTGCACCTGGATTTTCCCTCAGGGATCAATACGGTGCTCATGTTCTTTTGTTTCATGCTCCAGGCCACTCGTCCCACTAAAATAAGCTGACAGAACAAAGATGGCTTGGGTATTCCACGCCTGACCACCTCTCCCTTCCTCTTCATCGCTATTAATCCAATTAAATGTCCAATTGAAGTGGAAATTCATTGTTCATTGTCACTGTTATTTACACTACAGCTTTACTCTGGAGTAAAAAAAAAAAAAAGATAAAAACAATGAAGACAACACAAATTGCAAACTTGTTTGACTAAACTATTTGGCCACCCTAAAGTGATTCAATTAATATTGTATGGGTCATTAGGCATTAGTGCCCAGAAGAGGTACAAAGGACTCATTGGAGCGGCTATTAATGTGATTTGATTTTCACAGAAACATGGGGGGAATAGCCAGGTTCAATACAGAGACAAGCAAGAGGGAAAACAGGACTGGTAGCCAAGCTGCGGGATTAAACATTCCAAATGTGTGGATGGATTAGATCCTTCAGAGGCTAGAATAAATGTTAGTTCAATTTGTTAGATTTTTTTTTAATTATTTGTCATTATTCGATTGATTTACTGATTGATTGACTGACTGACTGACTGACTGACTGATTGATTGATTGATTGATTGATTGATTG
>1:34116540-34117503	TAGCGCTCCCTCTGTCATTAAACTTTAAGCTCTCACTGTATTTTTCCCATCTTTTTTTTTTTTTTTGGACCATGAGTCAAATTTGCTGGGTAGAATTAAAGAGAAGGAAAACAAAGTTAATGAATTCTTAATGAGGAGCACCGTGGCTGGAGGTGACACTGGGGAAAAATACTTCCCTCCTCCTGATTGATGATCATAAGAACACATTCAAATAAAGCAAACCCAGTGATTTATTTTCTGCTTGTAAGTCCTCAGCCACTGGCAAATACAGGAAACACATCTGACAGACACTGAAAGACAAAACGCTCGACTGCAGCCATCAGTTAAAGCTAAACTGCAGGGTCCTTAGGCTGGACGTTTGCTTTTGACAGTTCAAGGAAGTGCTCTGGTCTTATGGCAGAACTGCGACAGCTTCAGGGTTTTGAAAGATGGATATAAGACAGCCACTGGAATGTAAGTAGACTAAGTGTGCGATTAAATAGACACGACAGGGTAAATACTGCCCTGACAGGAACCCTAGGTAATCCACATTACTCAGCAGTCACCACCAATTAGTTCAATTATCTTAGTGGCCAACCTCTGACCTAGCAGTAAAATGCTATCCCTGAGAGAAAACACACTGCGGCGCAAAGTTCATCCAATCTGACAAGCTTAATGAACATCTACTAGGCTTAACGAGCTGCTCCACACATACTGGCATTCAATCGATTTGGATTCAATTATCATTTATGGTGTAATCAAATATATGCCTGCTTAGAGAGTGTAATAGGCTAGTAATTAAGAATGCTAGTATTATGCATTAAGCATTTGAACTTTATGTTGTTAAGATGTTTAAAGTCATCATTAGGCTTGTGTAAACAGTGTTGGTCTTGTTGCTCAAAGTTAATTGCTAATTATTTGCTACTGATTTTACAAGTAGCATTATTTATGTACTTAATACTCCCAACAGCATTTTTACATTACT
>1:7064669-7065654	GTGTGGATGTTTCCCAGAGATGGGCTGCGGTTAGAAGGGCATCCGCTTTGTAAAAACTTGCTGGATAAGTTGGCGGTTCATTCCGCTGTGGCGACCCCGGATTAATAAAGGGACTAAGCCGATAAGAAAATGAATGAATGAATATATATACACATGTAGAAGAATGAAAATAAAGCTCAACTCAACGGTTCAATATAGTCATTTGGGTTCTTTTGTTAACTTATTAGTGTCGTTAACTCAACTCAAGGGGTCAAAGTAGTCATTAGGATCCTTTTGTTAACTTATTAGGGTCCTTAAGTCAACTCAATGGGTCAAAGTAGTCTTTAGGATCTTTGACTCAACTCAACTGGTCAAATTAGTCATTCTTTTTGTTAACTTATTAGGGTCCCTAACTCACTGAACACAACTCAACAGGTCATAGTCATTAGGGTCCTTAACTCAACTCAATGAGTCAAAGTAACCATTAAGATCCTTTTGTTAACTTAGTAGGGTCTTTAACTCAAGAGTCAAATTATTCATTAGGGTCCTTTTGTTCACTTATTAGGGTCTTTAACTAAACTCAGTGGTTCAAATTAGTCATTAGGGTCCTTTTATGAACTTATTATAATCCTTAACTCAATGGGTCAAATTTGTCATTAGGGTCTTTTGTTAACTTTTCAGGGTCCATAACTCAACTTAATGGGACAAATTAGCTACTAGGGTCCTTTTGTAACTTATTTGGGCCCTTAACTCAACTCAACTTAGGGTCCTAAACTCAACGGGTCAAGTCAGTTTTTTTTTTTTTTTACCTCTGTGAAATTGCTCCAGAAAATCTGCAATAAACAATAAAAATAAATAAATGTAATAAATAAACACAATAGATGGCATACTGTATTGATAGAAACAAACTGGCTGTTTTTACTTCAGCCACAAAATGCATTATTTATTTTTTCATGGCAACATATGCTGTTTTTAACTGAAATGTTAATATTTGCAAGAGTTCCTCA
>1:39652269-39653215	CAGTATTGGGTCCCTGTATGTGTGTGTGTGGTAGCTTTGTGAGGTGGGCTGCTCTAAGGGGACAGGCTGATCCTCTCTCTGAGTAACAGCAGTGTTAGCTGCAGACGTTGGCTCTAATAAAGGTAATTTAGACCTGCCAACAACCCCCACTGGGTCTCTCCATGCCCCCAGAGCGCACACACAAACCTCCCCACATAAATCATTTTCTTTCTCTCTGCACTGGTGTATTTGTGTGTTTATTTATGTGCGTAAACTTTCCTATGTGTGCTTGTTATCCAGGACTGTTGGCTTCTTCTAGTACCCCCTAAAACGTGTAGATAAAGCTCTTCAGCTTGTCGTGGCATTATAGAACAAAAGCACTCCAACAATGCGCAGAGATAATGAGAAGAATAAAGACCTTCAGAGAGTTTAGAAGAGTTGAGGTGCGACGTAGTGGCATTAAAGTATTTGAGCAGTAATTGGCTTATAAAATTCCTTAAGCTCATCCTCCAAACTGTCTTTATATCTCTCTATCTGGTCCTCTCTCACTCTTTCGCTCTCATTAAATTAGATACCCGCTGGGTCGGCCCGTTCACAGAGCAGCCGATGTCCAGAACTCTGACCCCAGCAGAAGCAGGGGGTTATGGGAGAGTGGGCGGTATTGACTTCTCCGGCAGAAAGACGGCCACCCCCTGCTGATCAGATCGAGCTGCTCGCCGACACACTTTTGAGCATGCTGCTCCATTAACTTTTCGCATCGTAAACGAGGAACGAATGTGCAAAGTCTCTCACCTCTGTGCTGGATTCTTATTGTTAATGAAACAGATGCTTGATGGTCAGTTGTTACCATATCTGAAACAAATGTGTGTGTGAAAAAATAACATTAAAAAGATGCATGCCCATGTTCTAAGAGCCATGGGGTATTTGGGAACGATCATGCATGTGTATGGAACACATCCAGGCTATTA
>1:39222283-39223278	ATGATCATGATGGTAGCAGTCGTCCAGAACAGAGGGTGGATTGCATCAAAAGTGGAAAATGTAATGCAAAACAAGCATCGTACACATGCTCTAAATCACTGTATTCATTAGCACTCGTCAAGGAAAAGCTCTTTTCAAGGCCAGACGTGTGCTGCTTGTTTAAAGTGATGTAGTGAGCAAACTTGCATCAAATTGGGCAAGGTTTTAGAATCAGTAATACATCGTTTGCATGTTTGAACACAAATAAGCCACGCAGGGGTTTGGTGTGAAGCCTGGATGAGGGGTAATCCTGCTGTGAGTGTGGCATGAAGCAGCTTGACCCCCTGCATTCCAGCAGCCGAGCCGTCCGCTCGCTAATGATCCTGGATGAGCAAGAAACAGGAAGCAGAGGAAGCACACTGCCTCGCACATCCCAGTGCTACGCAGGCCAAATCACCTTTGATTTAATTGGCCCTTTGACCTATCATAATGCATGGATAAATAATATGTGGACCGGCACACCATGACCCCAGAGGGTCTTTGATTGGAGAGCTGACCTAATTAAACTTTTCCACTGCGTTGGGTAATCACAAAACACATGCTTGGTGTAGCAAAAAAAAAGGTAAGGAACAGAAAAACAAGCTTTAAAGGACTTTACCTGTCTAGCTGCTGTAATCTAAGTTAATTACTTTAAAAAAGGATGTTATTCTGATGAGCGGGAGAGATAGTGGAAGGGATGGATGATGGGAGCAGCCCCTCAGCGAATTTGAAGAGCTTAATGTAGCCCCTCGGTCGGGATCAAGGCCCCAGAGATGAAAAAGGAAGACAAGACGGCGGAGTCCAGGTCCTCGGAGACGATGATGAACGCCGCACTTCCTTAAGACTGAGCCCATTATGTGTGTCTAAATACCATGTCAATTAACCAGTGTCCACACCCATGGGATCCACCGCAGGAACTACCTCAGCCCTGGATCCGCAGCTCAGACAGCCTGTAGCCGCCAGGCTTTCTCCAGGGAT
>1:35632420-35633125	TTGTGTGTGTGTATGTGTTTGTGTGTGTGTGTGTGTGTGTGTGCGTGCATGCGTGCGTGCGTGCGTGTCACAAGTCAGTGATTAATTTTAACCATTTAGCCTGACATGTTTGCTGCTCCAAAATATTATAAATGTTACTTAAAATAAAATAAATTGTGTTTAATAGGGAAAAAAGTATTTTTGTTTTGTTTTGTTTTGTTTTGTTTTACCCAGACATTTAAAATAACTTTTTTTTGTGCAGTAATCATAATACCGTGATCCAGTGAAAACGTGGTATTTTTTATTCAAGGTTATCATGACGTCAAAATGTTATATCGACCCATGCCTAATTCTGACATATTGACAACTAAAAGTCTCTTTGTATAAAAAGAAGATATCCTTCTTTACAGGCAGTGCAACAGGAACCACCCCCAGCACCGTGCTCTCCTATTCAGACTACATCACACGACCCGAGGACTACACCAGTATTTTGCGTTTTGACAAGGATGAGCGGGAAAAGTCATGTCGCATTATAATCATTGACGACTCCCTTTATGAGAAAGAAGAGACCTTTAATGTGTCCCTCAGTATGCCTATGGGTGGCCAATTAGGAGCCAAGTTCCCCAGCACCAAAGTGGTCATCTTGGCTGATAATGATGATGGTGAGTCGGCTATATCTACCATTCCAAAGTTTAAGGATCAAAAGGGTGTTTTGAATATAATATCT
>1:22938100-22938995	CCTACGTTTCATCACTCCACTAGCAGATTCGCGATACGTCACCGATGTTGATCCCACCCCAATAATTATTTGCAGAAGAGGAAATTGGCTGACAAAAGCTCAAAAATATCCAGTTTTCCCCACAATTAAAGCTGACAGGTGCTAACGTTGTCTTAACTGATGCTCAACACACAAATCTGTAAAAAAATTTTTTAAGTACTCCAGGGTTTCTTAAACCTTTTGAGATAGCTTCAAATAGGACATAAGCAGTGACCTCAAATATATATATATATATATATATAAGTATTTGAAGTCATCCTATGAAACCTCTTGAAAAGTTTGCTGAGGCCCCCCAGTGGACCCTTGGCCCCTGGTCGAGCAGCAGTGATGGAGACAGATGGCAGAGACTACAGTCCTCTGCCTTGCCTCCTTCTTGTTCGCCTTTGTCTCAGGTTAATTAAATGAGACTGGAGGAGATGTGGGCCGAATCACAGCATGGGCTCTGTGATCACTTAGTGCTGCCTGTGACATTTTTACCCATGCTGCCCACTCTAACATCAAAAGTGTTTTAAGCGCACATGCCCAATCTTGTCACACTGCACCAGACGGGAGTATGACATAAAAATACCCTCCCTGTACTGCCTCTGATTGTGTCCAAATTAAATCTACATTGTGAATATACATGCTGGATGTGGCTTGATAAGTCAGTGTATAATCTACCCCTCTCAAATGGGGATTTTGGCCAGCTTAGAGATTCAGAAGCCTTTCACAACTCTATCGAAGGAGTAATATCAGACCAAATGCTGCAATTCATTTATTAAAGGTAGCTAAATATTTAAAGGAATTATGTACTGACAACACTCTAAGCAATTAAATATAGTAAAATATAATATAAAAAATAATTATATAAAAAATTA
>1:945891-946778	TTTATAATTTTGGGATTCTGACTTTTCCAGATAAAACAGCAAACAAACAAACAAAAAAAAAAAAAATAAGGACACTTTCTTGGGATTTTAAAGATGTTGACTTTCAACCAGATTTTTTTTGTATTGGGACAAAAAAAATAAAAAAAATAATAGAAAAGCAAACCTTGTTGGTGAAATAAATACTTTAAAATTTGTACTATATTATTCACTTTACACTGAAGCTGAAATAAACTTCCATACCCTCCAGTCCCGATCCCAGATTTCAGCAGGATCTGCAGAGCTTTGATCCTCCTCACACATGATTACTGCTGTTATTATGTTGAGTACAGGAGAAGTGGAATGACCTAGTTTAGTAATGAATTAGACTGGCGAGCCGCTCTCTTGTTCAGCTGATTAGAAGTGAGCACCTGAAGAGCTGAAGCCGTAAACTCAGAAATAATGAGCCTCTGGAGCTGCAGAGGGATTCGGGAGGGGAGTGTGTGTGTGTGTGTGTGTGTGTGTGTGTGTGTTTCTCCTCAGACGCTGCTGGAGCACTGCCAACTGGGTCAGTCCTGTCAGAATACACACCACCATGTGTTTATGTTTATATGCCTGCGTGTGTGTGTGTGTGTGTGTGTGTGTATGAGTGTGCGTATGTGTATTAGTAGAAGTGCGAGTGTGTTTGCGTGTGTGTGTATAAGCATGTGTGTGTGTGTGTGTGTGTGTGTGTGTGTGTGTGTATGAGTGTGTGTAAAAATGTGTATGTGTGTGTTTGAGAGAGTTTGTGCATGAGTGTGTATGCATGTGTATGTGTGTGTTTGTGTGTGTGTTTGTGTAAGTGTGCAGTGTGCAATGTTCATGTGTGGGACTGTGTGTATGTGTGTGTGTGTGTGTGTGTGTGTATGAGTG
>1:899682-900575	AACAATATGTAAATAATACAAAATTAAATATAACATTATAATACAATTAAATAAATAAATTATGTGAAATATAAAAATAATTAATAAATATTAAATATAATAAAGGGCGTCACGGTGGCACAGTGGGTAGCACAATCACCTCACAGCAAGAAGGTTGCTGGTTCGGTCGTTTGATTCCCAATTCCCGTATAACTCTGTGATTTCACGGTTGTTATCTGGGAATAACATCCTTCTGAATGTCACAACGGACCAATCAGAGTCTAGTCCAGACAGCCGTGTTATAAGCAGTGATTTTCTGCCTTTCTGGAGCAAATGCTCTGATATCTTGACACTGACGTTATCCATGCGCAGTCGACGCTCTCTTCAGCATCACTTCTGGGAGAGTGAACATCAGGACAGATTTGATTTCATTCCTCCGTCAGACGACTGCAGCTCTGACGTCAGTCCTGAACCTGTCTTAACCTTTGACCCTGACCTCTGCACTTAACCCCAACCCCAACCCTGCAGGAATGTCTGCTTTTGCATTCTCTTCATTAAAAACAACCTGGACCACATTATCCTAATCATCCGTTTGGGCCATGACAGCATTTTTAGGATCTCAGTCTCATGATGAGCAGAGATGAGGTCTGTTCAATAACTTAACAGTTTTATATTCTTCATTCATTCATTTTCTCTCGGCTTAGTCACTTATTTATCAGGGATCGCCACAGCGGAATGAACCGCCAACTATTCCAGCATATTTTTTACGCAGTGGATGCCCTTCCAGCCACAACTCAGTACTGGGAAACACCCATTCACACACACACACACACTTACACACTACAGCCAGTTTAGTTGATTAATTCCCCTATACCACATGTGTTTGAACTGTGGGGGAATTATTCCCATTATTTT
>1:27052609-27053481	GCTGATAAGTTAGCAACTGCGTTTTGTGCATTGTGGGCAATGCTCAGATCTGCTACTAGCCCACAGAGGCCCACAACCAATCAGCTGGTGACTGAAGACAGCGGCAAGCCCACCTCTAAACATACAGACACACACACACACACGCACACTCTCACAAACACATTAAGCCAGTGAAGAGGAAACTTCCTGTGGGCCGCAGGAGAGGCACACGGTAATCACTGTCTCTCTACTGGAAAATTACCTGAGCTGATTTCTGCTCCAATCTGTCTCTCCTGTCTCTTGAGAGGGGAGGTAGAGGGACACATCCCATCATCTGGAAGCCGAGACGTACGCGCTTTCTTGTCCTCCTAACTTTGGCCCAAGTGACATCACACCGCATTTATTAGAACCACTGGAATTTGCCAAGCTCAGTTGCCTTCTCCATGTGCTTCAGGTTTGTCTGTCTGATTGTTGGCCGTATCATGACACACCACGCAAGGAAACAGAGAGGGCATGAGAGTAGAAACAGAGGAGAGTGAGCAGAAGGAGGAGGGATAGAAAGTTAATGTGCAGGATGTGCTGCCCTGTAATGAAGGCTAAGCCCTTCAGGGAGCTTTGCACCCCACCCCCAGACCGCAGCAGTTAAGAGTCTGATTGGGGATAATTGGGCTGGCCTTCACTTGAAGTTACTGTTCGGCTGCGCAGTCTATGTTCGCTGTCATAAGACCAGGCCTGAGAGGACCTCTTATCAATGCCACCTGGTGTCATAAAAAAAGATTGGTCATCCCCACAGGGAGAAAAAAAAAACATTTAAAATATGTTTCTTTTTGTGCTAATTGTTTTAATGTATTGCTTCTCAAAATGTAAAACTAATGCTTTATTTTGTATATACCA
>1:45917392-45918274	ATACTGACCACATGTAAAATCAACAAATACAGAAAATATAATTTTTTTAGAGTTTCATTCAGGAATTTATACTCTATTCATGGAAAGTGCCAGCAGTAGTTTCCATCAAAGTCATGCATGAGTCGCCTTTGTCGCAACTTTAAATTTCTATTGTTTACTGCTGAACTTGTTGTGCTTTGCATTGAAGCATAACCAGTTCTCGTGGAATCATTGCAATTGTATTTGTCACTTGGGAGGATTTGAAACAAAACCATGTCTGTAAACGTGCGTCTTTTCTTGTTCTCTCATGCTTAAGGGCTCATACTAGGAGCATTGTTATCTGAGGACAATGGCTATTAGAAGGTGCTCATTAGGGAGTAACGAACACTGACGTTTCAGCTTTTCTTTCTCTTTCCCTCATCATTATTGCCTCTCTTGTCATTCTATAGCCTGTTATTGAATGTCAGGAGTTTTTCAAATGCTATCCCTCCCTGTCTATCATCAATTACAATCACTCCCTAGGCCTATTTCATCTGTATAAACAGCAAATCTCTGATCCACTACAGCCATTACCAGTGTGTTTCATACACACTCAGATTCATTTGCGGATGAATCTCTTTACGTCCGCTGTGATCTCCGTAATTTAATCCTCCATCCACCCCCAATGATTTCAGATGTTTGCCTCCAGACACAGTGATGATGTCATCACTGAATGGCATTGGATGAACTCGTTTTTGTTAGAGAGACGTTAGAGGATATGCATGTATTTGTTGTAGCTTTGGCTCTCATAAATAGGTCTATGCATGTAATGAATGTAAAGGGATTCTGCTGAATGCTGCATAGGTCAGCAAAATGCTGTGTAGTTCAGTGTACGAGCAGTCTGCGCGTGCAGCCCTGCATGTGA
>1:24043605-24044493	ACTCTGCTTGTGTTTCAGGCCGTACATTTAACGATCTGAACCAGTATCCTGTGTTCCCCTGGGTAATCACCAACTACGACAGCGAAGAGCTCGACCTCACCCTGCCCAGCAACTACAGAGATCTGTCCAAGGTAAACACATGACCACACACACAAACACTCCGCATCTACTCTCAAAGACTGAAGGACATGTCTGGAGTGAAGTTTCCAACACACAAATACATAGGAGTGTTAGTGTGAAATCAACGTCCGGCAGCTTTAACGATGAGTCTGAGTCTGATAGACAGATGTAGCTGTCTAGCAAGGGAGGGAATGATCGCAGCTCTAGACTCATTGCAGAGAGACTGACCGTACTTGTAGTACAACGCTCGCGGCCCTGTGCACGTCACCTCATGCCAGGCACCCTCAACCGCAGACAAGTCAGATAATGGGCCCATGTCTGTCCTCCACCCTTCTCCCCCTCAATCAAGCCCTCAGAAGCCCCTGCATCCCGCCTCTCGCCTCCTCCCCCATTCCCGTTAGCCAGCCAGCCTCCCTAAGGAGCTAATTAATGAGCGTAGTAGTACTTGAGCAAACCACACAGACAGACTGACACAGCTCACTGCTGGGAACACCAGACCTGCCTTTGTCTCGCTCAGGCTCTCCTTCAACACATAGGTATCTCAAATTGTATCACACCATTTGAAGGCAGTTCAGCAGGGTTTTTATCTTTAGCTGATAACATTAAAAAAAAACCTTTTGCTGATTTAGAAGTATGAGTTGCATGCACTGTTCTTACATATATAGTGCAGGGCTCGAAATTAACTTTTTTACTTGGTAGCACCGGTGCTCCCAACTTCAAATATTTAGGAGCACAAAAATTTTTTTAGGAGCACCAGAAAAAATTGATT
>1:5289461-5290367	GTGTTTACTAATCTATTTTGGGTGGTTGCGAGGTTGTTGCCAAGACGTCTCTTGCTATGTAGTTGCTAGGGTGTTTCTAAATGGGAGTTAGTATTTATTTATTCAAACAATTTATATAAAGTAATCGTTGTAACAAGACATCATACATTGTTATGTTTACAACCCAATAATATACATAACATGGAGTATTTTAGACTTTGGGAGTATTTTAAAATCTGACCTGATTTAAGAGGAAGTAAACACGTCAGCAAACACAAATTCCCCGACTCCCTCTTTCCAGACGTTTCTCAGCCCTGGATCCCGCTCTCCAAAAGCCTGCTGGGCTTCCAGCCTCTGTCTGTCTGTGTTCCTCTCTAATTAGTCCTGTACCCCCACCAACCCTAACGACCACGCGGGCCTTTTCCAGGGCTCCTTCGTGTCCTCTAACTCAATTAACCCGAAGGCAAGACCACTGCCCTTCTATCCCTCTTTTCATCCCCCCAACCTCCCCATCCCTCCTTCCTTTTGCCTTCAGGCTGGATTGTTCATTTAGGAAGTTCTCTCTAGTCCTAATGCGCGGTGACGCCTATTACATAAGTTAAAGAGGCTTCTTTTCATTTCTTCTCCCGCTGTCCCAGCGCTCACCTTTTTTTTCCCGAGCTGGTTCCGCTCTTTTCTCCTTTAAAGAGAGATAATTGATATGCCCTGGATTCAGGATGATTCCGGTGCGCGGCCATGTGTCCGTGCATGCTCATTTTGAGGTTTCCTTTGTGTGTGCAGGCTTTTTTTATGTGCAGAAATATGAATGCAAGTGAGTGCTTGTGCAACCATGAACCTTCTCAGGTGAAAGCAAGATTAAAGCATAAATGAAAAATAAATCCATGATAGTTGCTCACTTCCTTTTGCCTGTTTGTTTTGGTTACAAAAG
>1:11213914-11214823	ACAAGCGACAATTATATCTCTGCCAAGACGGCTCTTTGGAATATGACTTTTCACTGTGTGTGCTCATAAGTATAAACGCATATGTATGTCTGTGTGTGTGTGTGTGTGTATTCTAGCATGTGTGTATTTGTGGGTGTGTGTTATGCCCTTGTCTGGCAGGCTGTGCTCCAGTGAAGATGCTGTTGTCTGGCAGGTACTTCATCTCCAGGGAAAAACAGGCTTGCTCTTGCACTAAAACATCTTCCCCTGGAGAAAACGCACACACACACTAACACACATGCAAGCCCACACTCTGTATTTGACATCGTACGAGGAGGCTAAGGAGATGTCATGCACCGTGTCTCCCAGCCCTTTAGGTGTGTGTGTGTGTGTGTGTGTGTGAGCATATGTGTAAAGCCGCTCTTGGATGACGTCCAGTGCTGTGCAGCGTGAAGAGAAAAACTCCTCCTAATGAGATCCCTCCCTTTCCCCCCTCCGTTTTCGTCGTTCCTGCCTTTAATACTGTTTAATCGAGGGAGGGCAGAAGGGAGGGAGTGAAGGAAGGAGGGATGAGAGAAGAGAGAGAGGAAGATTAGAGGTACTGAGGTGGCACTAATGGGGTCTTAAGTCTATGGGTTAGAAATCAGCTTGTGTTGGGCTGTTTTTTTACAGCTGACTTCTTCACAGCTGTATCCGGGAACAGGTCGGTTGCTGATTCCTATTCCTTTTGTAATCTTTTCACCTTTCCTCTGCTCCAACATGGCTGCGCAAAACACGCCGTGTGGATATTGTGTTTTCCTGGAGACTGAAACGAGTAAACTAGTTGATTTTGGGAAAATATCATGGGAAATATCATGGATTTTTTTTTTTGTGGCTCCCCTTCTTCTTTTGGATTATTTATGGAGCTGCGTAAACAACGCAATTTTACGAT
>1:40827344-40828236	CACAGTACACGGTTTCCTGGGAGGGTTTGGTTTAAGGATGGGGTTGGAGTACATTATAAAACAATGAACACCTATGTCCCACATTTCACAAAAACAAACCTGTGTGCACGTGTGTATGTGTGTGTGCGTGCTTGCATGTGTTTTAAAAAAAAATTGCAATACCAGAAGACTCCTTTAGATGACATGTTATTGACAATTAACAGGGAAGGCTAACTCAGATCGACATTGGTATGGTAATTGTCCAACTCTGTCATGCATTAACGATCATGATTCGCTAACTTTCATAAAGCAAACAACAAGTTCTACCACATACTGGAGAGCGGACTGACTTCAGAGCAGCACGGTTGTGCTCACCAGCGAGTGAATGACAGGGACAGTGCCATTGTCTGTCAGACTTTAGCATAAGCAAGTTAGCGCTGATCTGTCTGAGCTGCTTATAGCGCACTGCACCCTCACTGTCGCTTTATGCTGTACAAATCAATTTGTCTCCACTGATGGAAAATAATTGCAAAGCAAACAAATTATCTCTGCCACATTGAGCACACCTCACCGCCGGGAGAGAGAGAGGCAGAGAGAGAAAGAGAAAGAAGAAAGCAGCGGGGCTCTTTACATGGATGCAGAGGCCTAAACTGTGGGTTCCAGCCAAAAACTCTGTGGATGTGCTGAGCCTACAATTACACACGAGAAAGACGAAAAAAAATATCTGAGGAATTTTAAGTTGAATGTAAACAACTGGAGAAAAAAAAAAGAACAGAAAAAAGTGGTAAAAATAAAAATGATAAAGAGATTATGAGAAACAAATGATATATAAAGACAAACACAGAGAAGGAAAACAGAGCTATTAGTCTCTAATTCAATTCAGTTCAATACATCTTTATGTCTACAGCGCTTTT
>1:5694571-5695432	ACAGCACCCTCCACTAATACTGACACCCTTAGAAAAAGCTGGAAAATTAAATATTGTTTAACTTTTAGATCTTTTGCTTAAAATATTAAAGTCAGCACGAACTGGAAGAGACTTTTATTTCAGTGTGTTGATGTAATATTGAGTAGGGGGCGGGGCTTTTGCATCATTGCCTCAGCATATTGAGCAAAAAGGTTAAACAATTAAGACAATTCAATTGTTCACAGCCTGCTTTGCTCATATTTATCAAATCTGCCAATAGCAGAAGTCACTGTATTGCCTTGATTACATCTTTTAGTGTTATATTTTTAGTGTACACTCAGATAGGCAGCAGCGGCCTGAAGCGGCTCAGCAGGAAGTCTTCCGTTTTAACCGTGGCAACAGCGTCAGAGTCACGTGACTGGGGCAGGAGGGGTTGTTGTGTGGCTCATTCCACTGAGGGGCAACAATCTGGCGTGACAAAACTGGGGCAAAGAAGCAGGGCAGCGAAGGGGAAAAGGGGGGGTTAGGGTAAGAGAGATGGGTCTTGACAGGACCATGAGGTCAGACACAACCATAGGAGATAAAGGGTCAGAGGTTAAAACAACTTTGCTGCAAGATTCAAACATGCATCGTACATATGAGCTTAAAGAGATAGTTGATTTAAAGATTATATTATGGTCATTATTTAGTGTAAAGATCGTTACCCAATGCACAACACCAAATATAATTTAAGCTAGTATTTTGATTTCGTTACATACATTTAAAAAATACAGTTGAATTATTAGCCCCTCTTTGATTTTTTTTTCTCTTTTTTATAAAATATTTCCTAAATGATGTTTAACAGAGCAAGGAAATTTTCACAGTATGTCTGATAATATTTTTT
>1:36128655-36129612	GAACAATGCGTGTCAGGCAACATCCTAAGTGCGGAATGTTAGTCCGAGTTTTCTTCAAGGCGTAGACCGGGCATTCTGAGAGTTCCCTAATTAACAGAATTACTGGCCACCTCTGGTTTCTGTGTTAGTCACTTGTGACGACGTGTGGTTGGTAGCAGTAGCGGCGCGTCCTTCCCACCATATTGTCGGCCGGCGGCTAATAAGGTAGCACTGACCGGCGGACGGGCTCATTAGCATTGCCTGCGGCCGTGGCAACCCCCGCCAGGGCCCAGTCGGACACTTAATTACCACCACCACTTTTTATCTCCCCTCCAAACCCCCCCCCAACCCCTCGAACGCCACCGGCATTTGCTTCTGCAATCCACAGAGAATGCTGGGAAACTATAGATGCCAAAGTGGTGGTTAGTTAGCCTATAACATTCAATAGCAGCACTCGCTGTGAGGCACTGCAATACCTCTGATAGAGTTAAAGCCATTCGACCCGAGCCTCTCATGCGAGACTGCGCGAGTGTGTCTTTTCATTGGCATCAGTGGAATATTGATGGCTCCACCCCGGCTTAATCGACTAATGGCCTCTCCCTCTCTCCTTCACTCTGCTGAAGCAGCCACCCTCCCACCCAGCACAGCCTTTCTCTGCCCTTTCTGCGACCTCTGGGTCAGGCAGGCCGATTTTTATGCCCGACTGAGTTGCAGAATAGCCTCAGTGTATTGGAAGGCAACCTTACGCAAGTCATGTGGCTGCTGGCCCTAATAGAGAACGCTTCCCAGCCTCCTCCTCGCTCTTTTGGCTTATTGGATCTCACAGCCGAGATGTTGTGGAATTAACTGTATAGATGCCAGCGGCTGTTGGTCAAATAAATCTCGAGAAATGTAGGCTACAGTTATGATTGATGCATTTACTGCAGCAAATAGATGCAAGTCTAATTGTGTTGCAAAGGGAAAATAAAGAATTAAACTT
>1:39244554-39245451	TATTTGATAATTGTAAAAACTATAAAGCTCTAACAAATAGAAAATCAAAATGCCACATCTACTGTATTCAAATGATATAAATACGACAATCCCTAACACAAATATTTTCAAATGAAAGTGACTTTTTTTTTTAAATTTCACCATAAATACAAGCAATCGTGAGCCTACAGAATGTGTACACAAACTAGAGGCACACAGAGTCTGAATAAACATCATTTAAAAACAATAAAATAAGAATATTATGTACTGTATGCAAACATTTTGGGTTTGCTGTAGCCAGTCCTCAAACCTGGCAAGGCTGCAGTTGAGGGTATGTGACTTACTGAGTGATTATTGCCATAATTAATGTGACACCGGTCGGGTCAGCCGGCACTGTCAGAGCGCATGAGGCGTGGGGTGGATGACACGGTTTAACCTCACTTGTTCAGGTCTCCTCAGACAAGCGCTATCCTCCCTAGGGTATTGGCCATCCACTCTGCAAAAACCAACAGTGGTGACGAGCACTGCTTAAAATTTAATCGCAGAAAGTGAGAGAGAGCGACAGAGAGAGAGAGAGAGAGAGAGAGAGAGAGAGATATAGATAGATAGAGATGACAGTCCCGGTATGACAGTGTGACCTCCTTCAGCCTTGCCTTCCTATTGGGAAGGAAGCTGGAGAACACAAATGTATGAATAAGTGATATCTGCAAAACATACTTGAAATTTTAGATCAACAACAACAAAAATCTGAATATATAATAGAGATATGACACAGATTTTTAAGTCTGAAATATTAAACACTCATTTGTGTGGAAAAAAAGACGACATACAGGCACAAAATAAACCATAATTCCAGCATTTCTCACATGTTTGATCTGACTTGAATTAAAAAAAGCCACCCCTACTTTAAAACGCTAAA
>1:40832325-40833308	AACTTTTGACCGGTAGTGTATATTCCCGATCAGACCAGTTACATTTTTTTTCTGAATGGTTTGGTTTAAAGGTGCAAATGAGGGATATATTATTATAAATTATGCATTAATTTGCATATACATTTGCTTGTAGTGTCTTGCCTTTATATTTAAGCAAGGTATTGTTTTGTATTGCATATTTCAGCATATCTTGCAGACAAGTATAATAAACCATGCTTTTACTGTATTTCTGTATTAATGTTTTCAATGTATGCTTGAAATAATATGTTTCATGTTAACATGGATGTCTACAAAAACACCTTTAAAATGATCTTTCCCCATTTTACAGTACATGAAATTTTTTTGTACATGCAAGTGGTTTCAAATACACTTTGCATGCTGCATGACTGGCCCGTAACTGAATGATCCACTGAGCTGGAGTGAGTCTGACTTCTACCTGTGAGCAAGCAGACATTAATTCAACATGGCAGTCGTGGGTTTGGCCTCTGCAACTTTCTCAGCCTCCCCAAGTAATTGGTGACCCCTGAACTCACTGGCTCACATGGGGGAGCAGTGTGTGTGTGTTTGTGCTTGTACATGTGAGTGAGAGAGAGAGAGAGAGAGAGAGAGAGAGAGAGAGAGGCAAGTGTGTGAGCTCAGCATATGACCGTCATTCACAGCTTTTTCACTAGCAGATATAGGCAATCTAGATGTACTTTTTCTAAAGTTTAAAGGGCACCCATTTTTCTCCATTTTAAAGATTTAAGATAAGTCTTTTGTTTCTCCAGAATGTGTCTGTAAAGTTTCAGCTTAAAACACCCATCAGATTATTCATTATAGCTTTCAGAACACTGTTTTCTGCTCTGAACACAATGTAGCTGTTTTTGTTGCTTGTGCCTTTAATGCTAGTTTTCCCCACCCACCGTTCTCACGTTTATGTCAGAGTGTGCCTCAATCTCCACCTCGGCTGTGGCAGATAATCAGCACAGTGACAGACATGAAGAA
>1:40926845-40927749	TATTATTTTATTTCATCTACACATCCAATATTTTAGTAACATTCTACTGAGAGAAATAAAAGGGTGAGCCAAAGAGGGATTCAAGTATTTCAATTCTAATTAATTAATGAAAAGCACTTGAAGCTACTTTAAACCAGCATTTGTTTTCACTGTCTGACCTACACACACAAACATACATTTACCCATTACAAAACACATGCAGAAAAGAGAAGAGAAAAAAAGATGATGACAAGATTGAAAAACTGACAAAATTTAGAAGATTGACAGAGCGACAGGTACAAACAGAGACAAAGCGCAGAACATACAATTGAGAAGCACCACCACAACACAGCAGAGATAGTCAGGCGTAACAGACAGAGAATAAAGAGCGAGTGGGAGTGGCCTGTGAGCACTCGGGGTGGGCGGGGCAAGAAACTTGCGTGACAAACAGAGTGAAAAACAAGCGTCTCCAGGCTGGGCTGCTCTCCTCTGGGCAACGCATTAATACCACCGCCTTTCATCTTTCCTGTCGCTTTCTGTTAACCCAGTCCTGCCTCCACTCCCCACATCCATCTTTAATCAGCACTCCCCAAACAGGCTCACCAATTACCACAGGCATGAGCAATCCATCCCCAAGAAGCAGAGATGGAGGGATGACTGGGCTACCCTTCATATATTATACTGATTCACCATCAGGCCGGCTAATACAGTGAGGTAATGTCGTTTTTCTGTCCTTTTGAATAAAGTTGCCCATTAGTTTTAAACTTGGCGATTGAAAGAGGATCCCTCCTGACATCCAAGTGCTCCCCCCCTTTTTCTTCTTCTCACAAAAAAAAAAAAAAAGATGTTACGTATTAGTCAATACAGATGGTTTTCTAAGCCTGTGTAGTTGCTAACCAATGTATCTGTGTATAGACATAATATAA
>1:17316624-17317534	TAGGAGCTTGAGACAGGAATTTAGATTTTTTAAAACTCTCAGATTCGAGATTTTTAATAGGTGTGTGTGTCCTGGCCAAATATTGTAAAATCCTGACAATGTGTCAATGAAAAGCTTTATTATTTAAAATACTTACTTGCATATAAACAATGCAATGAGTTAGACTAAACACTTTCACTGTATGCATTTCCACATGGTTCTGAAACATATGTAAAACACATTCTAACTTTTGTTATAAATGTTACTGAAAAGTCTTTTTAGTACCCTCCTCCCCCTATATCGTGACTACTTCAACCTTTTCTCTAGACAATCCCTAAATCCCTCAATTAGCACAGTAGCAGTAGGAACCAGAATCAGTTTATTGTTCCACATAATGATTCGTTAAGGATTCCATCAATGTCTGTTTTAGTCATTTGAAAAACAATGCAGACCGACTCCCCATGAGCAGCCTGTTGTGGTTCACAGCATGTGTAAAGGCAAGTGGGGTCACTGGGCTTCAGTGCACTGACCTCTTTTAACCTGATGTTTAATCTGTGTTGATGAACAAACAAGACTAGGGTTAATTTCCATTTGCTCTACTGTAAAGCAAAATTGAAGTTAATTGACTTAAGTGTGTTTATGCCACTTGTGCGTATAGATGAAGTTGCACTTACCTGCAACACTTCCGATTCCTTATAGCATCTTGGCAAGAAGCTGTTTTTCTTTAGCACTATATTCAAATCAGTCTTATGGCTGTGTTTACATTGGCATCTAGGTGTTGATTAAAGCTAACTCTAGTGTGATTCCTTTGTAAGTGCAGTTTATTTACATTCATGTGTGAAGTGTGAACACTGTACACTCCTTTCTGTAGATCTGTTTAAAAGTATTTTCCAAATGATGTTTAACAGAGCAAGGACATTTTCACAGTATTT
>1:19397630-19398566	CACACACACACACACACACACACAGACACACACACACTCAGACACACACACACACGAACACACAAACACACACATCTTGTTCATACACCATCAGTCAGTATTTCTTGACTTTTGTTAGACATACTATAAATATATAAAGAAGGAAATCGAGAGAAAGAGCTGTGCAGGTCACCTCTCTTTTTTGTGTTCAGAAAGTCATATGACCAATCATGTGACCTCCTCAGCATGACTTTAACCCTGACAGACATCTGGACAAGTGTGTATGTGTTTGTGTGTGTGTGTGTATGTATGTGTGTATGTGTGTATGTGTGTGTGCGTGTGTGCGTGTGTGCCTGTGTGAGTGAAACAGGATCTCCTCTCTCTCCCTTCTGCTTTTCTTCCCATCTCTCTCCCTAATACACACCAAATACCTGCACTTCACAATGAATGCATTCTTACACTGTCTCTATAGACAGACTAGAAGAGCCCTGTGTGTGTGTGTGTTCAGCATGACTCTCCTTCAGGTAGCTTGATTAATAGTGACTTCTGAGGGGTGGAGCTCTTTCAAGCAAAGACTTAATTTGGGATATCCCACCGTGTGTCTCACACACACATACACACACGCACACACACACACAGTCTCCTTAGTGACACAAGTTCTGCATGTCTGAATCAAGTCGCTCAATTTCTCTCTGTCTCGCTAATGCTTTTATGCCGCTTCATTACACACTTCTCCTCTGTCCCCTTTCTTCTTTTCTTTGTTGTAGTGAGTAATAATAGCCCCCGTCCATTGAACTCGACAAACTGGACAAAAGCAGCATTGGTGTGTGAATGAATAATACTGTTATATAGTATGTATTTTTTAATTGCATTAGCAGTGCACCACTCCTGTTTTGATGCGGTAGTATGGAATGAAGGGCAAGAGAACGTGACGCTCTCTAGAAGTGAGTGTCTTTTT
>1:19664609-19665513	AATCCTTTCATTCACATTAGTTTAGATAAAAACACAGTGATTCAAAAGCTCTGTGACATCCAGTATTAGGACTAATGCTTTCCCCGGTGGCTCCAACACTGATCAACAAACCCAAAACACAAATGCTGCACTAAAGAACGGAAATGAAGCACACAACTAACGAACACATTTCTGCTCTCACATAAACCCACTTAGAAGAGCAGAAGTTAAACGACAACGCTTTAGCTCTGATCAAATCCAACTCACAATGAGCATCTCCAGTCAACATTTTCGGCAGCGGAGGTTTCTGACTTTCTAATTGTGGCCATTGTTTACCCCGACTTGTCATTAGAGAGGTTACCAGGGTTCGTTTCCCCCCAAAAGCCTTCTGATCAGTGAGCCATGGCTGCCGATGCCAGTCTAGATAGACGCGCTCTCACGTTCACACGCAACCATTCAGAACTCATCATACGCACAGTCAGCCGTGAGTGTGTGTGTGCGCAGGAGTCAGGCTCTGATCTGCTGGCCGGTCAGTGTCAGGATCCTGCGGCTCAGAACGCTGTTGTGCTGTTTCAGATAATCAATCAGGTCCGCCTGCTTCTCCACCACATCCTCTAGACTGGAGCCATCTCTGGCAAAACAGACCACAACACACACATGCACCTGTTTCAGATCTTCACAACACATGGGATAGAAATTTGTGTGTAGGAAAACAAACAAACAAACAAACAAACACACACACACACGCGTATATTTAGGAATGTCCCAATAGAGTGTTTTTAATGATACTTTTTCAGTCGGGTATATTGGAGAGTATCATATCATATCATATGTTTTATTGAATGCCATGTCTGCTTCATTTTTTTTTTATTATACAAAAAGAGCAAGGTTTTTGAGACTCTCCATGTTTGATTTGGTTTTTATAT
>1:24028836-24029712	AAGTGCTATAACCAGGCAAACATTCATGTTTAGTCAAGCACACTTTTGGCATTTAAAGAAGCAGTTCATGTGCTAGATCACAGCAGCCTATGCAGGTCGTGAATGTTTTTGGACAAGTTTGTGCGTATGCCTGATTTGTGCAGTTCTTTTTATAATTGTGTGCAAATAAACAAAGCTATCAGTTGCAATTCACAAATTCCGCCTCTCAGAATCTCTGAATTTTGAGCAGCACGGTGAAGTCGGCATGCTGATAGCTACTGGCAGTCTGTTCAGATTTGCAGTCTAATTAAAAACATTGGGGCAGCTCATTTATTTGAGCCGTCACTAGAGAAATATTCAGCAGTGCTGCCAAAGCGTATTAGGGTCGGTGGTGTGCGTTCACTCCATCACACTGCGCTGGGGTACGGGGATAACCCTGATGAACGACACTGTCACCAGACCCTATTGTACTGGAGCGCTTCAGACGGTAATTTACTGCCGTAAACAACACGAGGCCCTCGCAGCAACACACACTCATAGGCATGCACACAAATTTACACATTCACGTAGAAACACACACACTGAGCTATGACAGAGATGTTTTTTATCCTGCTCTCCCTTTTCTTTCTTTAATGAGGGTCCTGTTATTACCGCAATCAATCAGTTAAATCGCGCAATGTTTAATTCAGTGTGTGTTCTCACCGTAGTTGCCACAAGAGAGCGGACCGTGTGTCATTGTCAGCCCAGGGCTGTATTTCAGTTTATAACACACACACACGCACACGCGCACACACACACACACACACACACACACACACACACACACACATACACACACACACACACACACACACACAAGGATTGCATTCGAGTCTATTACGTTTCGGTGACAATTATA
>1:42589684-42590570	CTCACACAATACGCAGCGTAAAACAATTAACGCTCTATACAATCATAACACAATGCAGAGATGGGCACATAAAGATTAAACCGTGAAAGAAATAATCATTATTATCTGTGTCTAGACCACTTTGAATAAAGCTACCAGATCAAATGAGGACGCAAGTTAATGTTTAAGAAGAGTTCAGTGATTTGGGTTTTTTGAGTCATTGGCGCCTTGCAGAGCTCCCCGCAGTGGAATATTATATGTAATGTAGAGACACTGAGCAGTCCAGAGTTAGCTGTACTTTTTTTTTGGAGATTATTTGAAGCCCTGGAAGCAGTTCACATGGATGATCTGGCCATCAGCAGACCAAAGGTCGCCCCATGGCTCAGACCTTGTCGAAACCAATTTCTTCTCTGTCTCATTCAGTGTAATAGAGAGAGCTGAGAGTGAAAGGTCAGGAAGAGCACAGCGGTTCAACTGAAATATACGTCAACAAGACTCAAAGCTGGTCTGGGACAATACAAATGAAGTTTTTTTTTTTTTTTTTTTTTTTGGAGGTTTATGCAACTTACAGTAGGAAGAAAACAAACATCTGATTTACGTGAAAAGACCAAATAATGCACATTTATTCATTTAGCACAGATTATGAATACACAAACGTTGAATGCAACAGTGCACACATAACAATAGGTTTATATGTCACATGTCTGCTGTGTCTGTGTTGTGTTGTGTCATGTGTTGGTTCCATGTGCCTATGTTTATGTCATGTGACCACTTTGTTCTTTTTCCTCACTGTTCCTTAATGATCATGAGTTCCACCTGTTGTGCCACCCTTGTTTGCAATCTTTGTAATCGTTACTTGTGTATTTAGTTTAGTTTGTTGTCCAGTACTGAAGAGTCAATCCTCAATG
>1:47077605-47078490	ACAGCTCTGCGCAGTTTAACTCCAACCACCTCTAACTCACACCTGCATAAAGGTTTCTAGTAGTCCTGAACACCTTGATTAGTTTGATCAGGTGTGTTTAATTAGGGTTGGAGCAAAACTGCAGAGCTGCGGCTCTCCAGGAATGGAGTTTAAGACCAATGCTGTAAATCCTATATTTTGCTTTACCCAGTGACACAATTGTAGCACATGACATCATCACCCTTTGCCCCTCCCTCTCTCAGCTCTGGATCAGCGGCAGGGGGGAGAGACTGCTCATGAATAAGAGAAAATCTAAATTCATCTGAGACGTGCAGGTCTTCTAAAACACTGCTTTGCTTGTGTTTAAATGTGTTTCCTTTTCCTGGGCTTTCATTCCGAAACGCCAGTGTTTGAGAGCATTGTCCTGAGGTAAAGCTTCATTAGAATCAGAAAAAGGGTGACAGGGAAAAGTAGGTCAGATGCTCAAAGACAACACGCACACATACGGTCATTAGCAGGGCTGTGACAAGGGCCGGTTCTACTGTGTGACAGTGTCACTAGCACTGCAGTGTTTTACAGCGCACTCTGCCAGTGAGAGAGATGGTTTGACTCACCAGTGTCCTGTTTAATCAGGGGAACTGGATGTTTTCAGTATTGAGTCAAGCTCTCTGTGGAGGGCTTAGTCCTCCATCTTGAGAAATACCCCCATTGCTTCAGATTAAACCTCAGACAGTACAAACACACCCTGCAGCCAGTGGTATTCAGACATAATGGATTTCTGAAAATAGTGCGTTCTCTGTAAAATAAGAATTGTACACTGCTTAAAAACAACCCGCGCTCGAATTATTACCAAAGACTAGTGTTGTTCAGCATGAAACAACTTCACATTTAAATGTCAAATGCATGG
>1:42514575-42515482	AGGTTAAACTGTACTTTGATCATTGTTCCAGGATTAATGTATAATATCAGTTAAGCATTAAATTTTATGTTCTTATATCATTGTTCTGAAGTATGTTTGTCTGACCAAATATCATTTTCCACCTCGTTCCATATTGGACTGTTTATTTTAGCACAAATCCCAGCATGATTCCCATGTCCATATGTGCCTAAACAAAAAACTAAAGAAGAAAGAACCCTGGGATTTGAAACAAAAGAGAGGCAGGATAATTAAAAAAATGAGAGAGGGAAGAGTGTAAGTATAGAGGCGCACACTACTTTTCCCCCTTCCTTTAATTGTGCATTAACGGACAACAAATACTTAATCAGATTAGCCCTGATGCCACTGACATTTCTTAAAGCCAGCGGCTGAAATCAGCAGTGTGCAAATGTTTTGGCTAATGTGCAACGCTCTTCTCCGTTTGAATTAATTGTCTTAATTATGGCTGAGCCGTCCTGCTGTGCACACACAAAAAGCCCTTTGCTGATGCCAAGGCAACAAACATACACACACGAACCCCTCTGTCCACTCAGAAGACAGTGATGTTGGCCAGCTGGGAAATAAACATAGAAGCTCTGAGGAAATGTAACAAGCTCCTTACCTAGATACAATTTAAAGAGACAGTTCATCCATTTTCTACATTGACTGCTGGTTCCCAACATTTTTTAAAATATCTTTTCATAAGGGTTTGGAAAGGATAATTCATCCCTAATTAATCCCAAAATTATTCACCCTCAAGTGCTATTAAACCTTTATAATTTTTTTTTTTTTTTTTTTGTATGTTGAATACAAAATAAGTCATTTAGTAACATGTTAAAAACCTGTAACTACCTGTAAGCTATCAATGGCTACAGGTTTTAAGTAGGGATGATCAATCAGGATTTTTGAAA
>1:933173-934106	ACACACACACACACACACACACACACACACACAAACACACACACACACACACACACACACCCCACACACAGGGATTATGAGCATATTTCTGACAGCATCAGGCATACAGTGTGTGTGTGTGTGTGTGCGTGTGTGTGTGTGTGTGTGTGTGTGTGTGTGTGTGTTGCCCAAACACAGGCTCAGCTGTAATGTGTCTGGTATCTGCTTCAGTGTTTAGCGTCCGTCTCACAGTAATCGCTGCTCTTCTACATCTTTCAGATTGTCTTCACTGGTCACATGAGCTGAAGGAGTCTGCAGCATAAGCACACAGGTCAGGTCATGTGTGTGTTATTGCTGAGGCGGGAAAATAGTCTCTGCTCAGGTCAGAATGCAGTCAAGCAGAAATAAAACAGATTCCACTCATGTTCAGAAAGACTGATCTCTCTCTCTCTCTCTCTCTCTCTCTCTCTCTCTCTCTCTCTCTCTCTCTCTCTCTCTCTCTCTCTCTGTTGAGAATCACCAATAAAAACCAATAGTATCTTGCTGTCAGACACGATGCACTCAATGGAGCGAGTGACGTCACTGTGACAGATGGGGTTAGGGGTGGGGTTAGGTGGGCGCATTAAAAAGCATTGGATGCAGCTCAGATTGCACTGCACCAGGTCTGCAGCCAGACCCCTCTCAGAAAAACTGCCTCAACCAATCAGCTTGTTAGACTAATCAGTAACAGGTCAGGTGTTGAAGAATATCTCGTCATTCATTCATTCACTTTCCTTCAGCTTACTCCCTTTATTTATCAGGGGTCGCCACAGCGGAATGAACCGCCAACTTATCCAGCATATGTTTTACATAACGGATGCTTCTTCAGCTGCAACCCAATATTGGGAAACACCCATACACACTCATTGACACACACACTAATACACTACGGCCAATGTAGTTGATCAACTCCCCT
>1:26261805-26262686	CCGGTCATACAGGTTTAAAACAACAGGAGGATGAGTACATGATGCTATAATTTTGTAGTAAATAGCAGCTGTAGCAGCTGATGTGTCTTTAACATATATCAGCGAGCGTGTTTCACTCTTCAGCTCATCCACGCTGACAGCCCAGTGCTGATTGAATTTGAGTCTCTGCAGCATCTGCCATTATCATCCTCATGGTCTTGAGTGGTTTATCTGTGGCCTCCACGAATCACCATATCAGGGCTGCTGGGGGTTGGGGAGACTGAACAGGATTGGATAGGATGTGTGTGTCCATGTGTGAGATGCAGAGAAAGAATCTTTGTACATTTTTTGGATATCCATTTTTTGTCCTTGGGTATATATATATATATATATATATATATATATATATATATATATATATATATATATATATATGTGTGTGTGTGTGTGTGTGTGTGTGTGTGTGTGTGTGTGTGTGTGTGTGTGTTTGGCATTTGATTAGTGTTTGATTATGAGTCAGCATCTCTTCCAGCCTCATCCGTCCTCTCTATCCTTCCAATCTCGCTCAGCTCAATCAGAGCAGGACATGCACGGCCCCTGTCATTAACTGCACCTGCCATCCACAATCAGTGTCAATGGCTGTTAGGACCCCCACCGCATGCACAACTCGCTTTCATTCAGTCTGCCTGATTTTGGCTTTGACGTGTCTTCCTTTGTGAGAAGAATGTAAGACTATTCTTTAACCATCAATTCAATTCTCAGTCACGGAGATTATTCGAAATCGTTTGGTTGGACTAATTTGGGGTGCATTTGTTTGGAAATTTGTAGTATTGGAGTTATATTTTCATGCTGTAACATACTGTATGAGAGTTCCATTGTTTATATGTTGGTGTTCTAATGCAA
>1:11411706-11412773	GGAAGATGGCAGCAATTTAATAATGTTATGACAATTCACCGGAAACACCCAGAAAGGCTTATCAAAAAATAAAAGTCTCCAGAACTCATTGGTGGAAGTCTTAAAAGCTTATAACTTTTTGAAGCATACTAGCACAGCTAATAGAGACTACATTAAGACAAACATATTGTAGCTTATAACCAGAAAAGACAAAACATTCATTTTGGTTTCAGGAGGACCTTTAATTGATATATCTCACGTTGTGATCATAGCAAATAATCTAATCACTTTCTCCCGCATCTCTGAGTCTCATTCTGATTTTTCATGCATCACACACACAGACACACACGCACACACACACTGCGAGCGCTGGTTTCCTGCTGTGTCAGTAGTCAGTAAGAGGCTCTGGAGCTCATTAAGAAGGCTCTGCTGGATCAGTGCATCCTGGGAGCTCGCAGCTCGTTTGCTAATGTCTGTCAGCATGTCTCTCACACATGTAGGAAACACTCTTCCTGCGGGGCTTGATTACTACTGTCTTGAACTGGATGAGGCAGGGGAAACAGTAGGCTGAATCCCAATTTGCCTTTTAAGAAGTAGAAGTGCTGGTGAAGGATGTAGTATTATATGGCTGACGGTTATAGTACTGTATGTGTCCACGGGCGTACTACAGCATAAATGGTGACTCTAAATTGCTGTATTGTGGACTATTATTAGATATTTTATAATGTATTTCATTTATGTAATGCAAAAAGAAAATATTTAAAGGTTAACTATTTACAATGTTGCTTTCGATTTCATGCTAAAAATTTCAATTCAATTCAAGTTTATTTGTATTCTGAAGCACCTTTTACTTTAAAGGTTCCATGAAGTGCTTTGAAATGAGGATTTTTTATTCAATTTTTGACGTAATCTCAACCAAAACACAGAGAGGGTGGGACATAGTGTGGCTCCTCCCCTAAAAACAGCCAATAGCATTTAGTTTTATCACCACTCTGTCAGTGAGAATAGTTTGAGCTCAGTAGTAGATACTAGAGAGCATTTGATTGGTCAAAAGATTTGGTGGTAAATTGAAATATGAAGTGACGTGAA
>1:40886441-40887345	GTAATTAGTGACAAAGTTACTGGCATAATGATGATAAAATTTAAATAATGCAAAATCTAAGTGCTTTTGCTGTAAATGGATCAATTAAACAGGTTTGGTGAGCAGTAAAATTCTTCTTTAAAAACATAAAAAATACTACTGTTTCAAAACATTTGAACAGCGGAGCATTTTAAAGCAAAATCATATGATGCCTTATATTTTGAGACTTATCAGAACCAGTATGCGTGAAAGAGAATAATATGTGGAAAACACATTTAATTACCCAAACATAAAAGAACAAATGCACTCAGTGGCACGTGTGCAAATACACACACACATTTGCTCACATACGCACATGCAAACACACAGAGCAATAAAACCAGTGGGAGTTGCCAACTTAACTGGGCTTGCTGTGGCTTGTACTAGGGTGGGCAGTGGAGCAGAAGTGATGGCCAAAGCAAATGTGCATGTAGTAAAGGTGACCTAAATGCAAGAGCTGTGACAGGCTCCAGAAAGAGGCCCCAGAGACAGCTTACACTGCACTGTGTCACTGTCTGATGCACTGATCAGGCATTAGCTCAACTGTGAGAGACTCTCAGCCTGATCTGAGACACCTTCATGAAAAAAATACGCAAATGATAGCACATGCAGTATGTTTCTGGATGAATAGCAATAAGGGAAAAAATCAGTTTTAGTTTAGAAAGACAGGCAGCTGTTGGAAAAACTAGAGCCATTCAATTAAACAGGTTTCAAAATCTATCAAACTTGTGTTTTAGTACACAATACAACATTTTCATAATATAAAAATAGTCTTTCTTCTGTGATTTTTAGGTATAACTCACTCCCAAGCCACAGATAGTGTGTTTAACTGACTTCCCTTCAAATAAAAGAATCAACGGAAGGTGGATTACGTGCATTTTGCTTTA
>1:1990314-1991215	ACTACATTTCCCGACATGCAACTCACACACACCTGTTCCGGTTTGATTGGTCAGAAGATTTGCTGCGAAACTGAAGTATAAGGTGAAATCAATAAAATTATATATCCATTTAGGCAGAAGTCACAAACTGCAAGCTTTAAATGTTGAGATCAGATTTATATCTTATAAACGTGAAATTTTTGTCACTGTTTTGGAGCAACTGCTCCAAACTAACACACTAAGAAACTTTACTTTAATTTCATGAGACCTTCAAGAATTAAAAGAAGCAAAAACTTGTCCAACACTGTGTTTTACTCAGTGTAAACGCTCCTAAACACACGTGATGTGCATGTAAAGCGCAGGCGGATGTGTTCTTCCAGTAATGTGCGTATTTCTTTTCTGTTCTCCATTCTCTCTGTGCTGAAGTAATGTGTGTGGATGTGGACGTGCAGTAATGAGTAAGGGTCAGCGGTTGCAGTGGATGGGTCACCGCAGGGCATTGTGGGATACGAGCTGATGGACACACACACACACATCTGCCCTTGGGCACTTCTGAAGAGGATTTGAGTTTAATGCATTGCCTTAAAATCTGCACAAGAGGCACTAAGACATGCTGATATTACTGTTTGTCTTCATAATCAAACACAATCACTTGTTTTGTTTTGTTTTTGACTGCTGAGAAACAAAACTTTTTTAATGAATACATGTCAAATTTTATATGCATTAAATATATATAATAAAGCACAACAATCATAAAATTGAACTGCATAACAAATAATTTATGAATATTAGTGCTGTCAAATGGTTAGCTGCATCCTAGATTAAAGTTTGTACTTACATAATATAAAAGTGTATTTTTATGCATATATTTATAAATACACGGACATCTGTACCTAAAATACACAAATATACAAAAGAAATAT
>1:46787391-46788321	TTTCTGTCTCTCTCTTTCTCGCTCGCTCCCTCATTTTCCACACTTCACTTCTTCCACTGTTAACCATAGTGGATTCAAACACAAACAAACAAGCAACGCTAACGATTGCAATCACCACTAATTTGGAGGCCCAGCTCTCCACCCCCACTCTCTTCTCCTGGACGCGCTCCATCCCAGAAACCCTTGGGGCTCCAGATGGGTGTACTGGCTGTCGTGAACGGGAGAAAAGGACAGAGGAGGTAGTTGGTGTTTCTGGAGAGAGGGCGCAGATCACTTTTCTGTCTTTGAATTGAATTTCATAGTCAGATCTATTTTTTAAAAAACAAGAGGTTTCGTTAACAAAGCCTGGTTTTAAATTTAAGGTTAGCCGTAGGACTGGATCATTATTCGACCACAACAAAGCGTGTCTCACAGAACAACTCTCTTTCAAGCTACATAGATCTTAGTGTTTGCATTGTGTCATACTGTAACCGTTAAATGCATTAATCCTGAGCTGACACGAATGTAAAATTGTCCCCAGTTGAGAGCATAAACAGTGGACGGAGGAGGGAGTGGCAGAAGTTGTTGTAATTGGTGTAAGTTTTGGAGGAGGTGGGGGTTGCAGCCGCACCGCTGGGTTTTGAAAGAGTGTGCAAACGGAGCCCTGTCATTTACCAGACGCCCGTTGGGCTGGGCTGTGTGAACGCAACTCACAACTGTTCTCTAATTAACTCCTGCTCAGAGAGAGAGAGAGCGAGAGAGAGAAGAAGAGCTGCTCTGCCAAAGCTGACTAAATGTAGGAGAAAAGAAAAACAGTACGTTTGGCTGCAGTTTGTTTGATTCAGCAAAGTTTGAGGGGGAAAGTCTGTGCATGCATTGTCGAGTTCAGATTGTTTTTAGGGGTTCCCTATTCAAAATGTAAGGTTTGTTCATACTTGTAGTTCAGTTCTTC
>1:47360737-47361636	AGTTGTCAAGGCAAGGTGGTTGTCTTCTTAAATCCCCAATGAAATCATCAACAACACTCATAAGGTTTTTAATAATCTCGCAAAACTCAAAACATTTACGACTTGTCCTTGCCTTCCCTTGTTTTTCTGTCAGTCACTATGAGTTGATTGTGGGCTCTCATTCAACAGATAAAAAGAAAAACCTGAGCCCAGGGTTGTTATAGTCAATCTTTATAACAGTTTTATAGTCATGTGCTAATTAAAGGCTTACAAAATTTGTATCCTTATTGAGCGAGGTGACGGCAGACAGGTGCTAACACACATACACACACACAAACACACACAAGCATGACGTGCAGGAGATGTACCTCAACCGGGTGTCGTCACGAGTCTGTCAGATATTGTTACTTCAAATTACAGGTTCCTTTGTGTATGAACACACAAACACCCAGCCAGAAGACGGTGACGCAAGCAGACATGGTACGACTTAACCTTTTGCTGCACAGCGCTTTCACAATAGCATTCCTCGCATGCTGCAACGAACCAGTTTATCTGTTCGGAAAAGACTGGCGCACAAAGCTACCGGCTTCCCTGCTGCTAGACGTAATGATTCCCTCTCTGTCCTGTTCTGGAGAACAACAATAAGGCTTGCTTTCATTGCCAATCTGAACTACTGTACTGAAACTCTCTGCACCAAACAGTGGAAGCAGAAGAGTGTTTAGGTCCAAGAGCGTACGATACAGAAAGTCAAAATAGTTTGAAAGAGAAAAAAAAAAAAAAAAAAAAGATTCTGATTTTGTATCATCAGACTCTGACTCTACTCATCTTTTTTGTTGTACGTGTTTCTCAGAGTTTGGGGTTTGACAATAGCTATGTTTGCATCCACCTATTTTTCTGCGCATTTTGGATATGAGCATAAAA
>1:35930949-35931862	AGACTGCCCTAAAATGTATCTGTAATCCCAAAAAACAAAAAGAGCATCATCATTATCAAATACTGGTGGGGCCCTTTTCTGCTTTGCAAGCCCATTTCTAATAATTAGAGGCTCTTGTGCCCCTCAGTGTCTATGTTAGTTACTGCGCTGACATACGAAGGTCTACTACAGCATAAATAAAAAGCCCTTGGAGACAGTATTTAAATATTACCACTCCAGACATTATTTCTAGAAGAGCAGGAGCACAGTGTCAATGGAGGCGCCTGTTTGAAATGCGAGCTGCCTGATTCTCTGCCATCATACTTAGCATTACTGAAAACACCAGTGCTGTGCCAAAAACCGCTGATGGCACCGAAGCACAAATGAGTCACATATGTAAGCAAACGCACAGCTTGGCACCCCTCAAAGAAATGAAAATACCACTGATTGTAAGTTTGAGTCTATCCTTCGATCAGTTCAGAGAGCTTTTCAGCACATGCGTCCGGCTTCATTGTGATGAGGGTGAATGAAGGCTCAGTGGCAGAGGTGAAAGGCTCTTCCACGACCTCTCCTCCCTCCTCAGCAGTGGGTGATACTGCTAAGACAAATGGACTCAAATTGAAAGTGCACCTGACAGCAGCTCAGTGGGACACCAGATGAGCATTGTAGTTTGCTCGCTCATTAGGAGGCGACATTATCTTTAAACTTTCAGTTGTGCGTCATCCAGCATAACAACTTTCTTAAGACATTGATTGGTGTTTGAAAATATGTTAATGTCTGTGATATATTTTTGTAGATCGTGAAGTTTAAATATGCTCAGCACAGCTGCCACTACAGAAAGTAATGATTTAACCCATAAGCACAGTTTTGTTGGTGTTAATAGGCTGTGATTAGATTCATTCAGTTATATTACATATTAATTGGACTTAAAATCA
>1:37232613-37233411	GGGCCAGATGGAATCTGCAGACATTTTTTGCTATTTCTGCTGAAAATTTAGGTAAAAATCTGCGGATTTCTGCTGAATTATTTTGGGAGTATCATAACTAAAATCTTAATATGTGAAATAAAAAATTATATCTTTTTAACTTTAAATTAATGTTTAAAATTCTGTAAATTCTGTCCGCGCAGATTCCGTGTACATTTACACGACTGAAAATAAGAATATAAGAATGTGTCAGGAAAAAAGCAAAAAACGAAACTGATACCAGTGAACAATGGGACACGTGGAAATCCTTTTCTCCACCCGTCATACTCACTTGATAAAGACTCCAGGCTGGGCAGACAAAAACAAAAGATGGCATTGAGATCACAGGGTGACCCCGGCTGGTTCTGCTGACACGTTTCTGGTCAAGTGCCAGCTCTGTGTCTCCAAGCGATGCTTACTGGAGTTGACAGGCCTGACAGACAAGCCATAAACCCTAGACACTTTCTATTTGGTCTGCTACTTCACACAAAATAATCACACAGACTGTTAGTTATACTGTATTGCATATGCAGATGGTGCTTATATTAATAAGAAGGCAAACAATGATTATTATTCAGATCATGACACTTCATGTTTGACCTAAATTAGTCTTTTAATCCTGATCTGCCCTTAAAACAAGTGAAGCAAATGATTTGTAGGTCCACATGCACTTCTAATGGGAGTCACTTATATTTTTTGTGTGTGCAAGGAAGCAATTAATCTACACCTTTTTTGTCAAACAGTTCATTTAATTCCAACTATAAGCATTTCAGGAAGACAC
>1:5523827-5524794	CAACTCAAACCACTGGTAAGATCACTGTATGTAGTGTCTTAGTTCCTGCTTACAACAGCAAAACCTTTTTGATTGTTCAAAATTATATGTACTACACTTTTTAAAGATTCACATTTTAACCAGCCGTCAGAATGTGCCTTCAAATGAATCTCCTATCTATTCACAGCACCTGATGCTCCAACCAATCATGAGGTCTCAAATGTCCAGGAGACCTCCATTGTGATCAGATGGTCCAAACCCAAAGCACCCATTACTGGTATAAGATATGCAAACCAACATTTGGGATTTAAGAATGTCTTATAAAGTTGTCTTTTGAGCATGGTGTATTGGAATGTGGAATGAACTCTTTTTCAGGCTATCGTGTGGTGTACACACCCTCAGTCGAGGGCAGCAGCACTGAGCTCATCCTCCCTGAGACTCAGACATCGGTGACACTGGGTGACCTACGACCTGGCCTGTCATACAATATCAGCATTTACTCAGTGGAAGACAACTTGGAGAGCGAACCTTTGGTCCTGCAGGCAAGCACAGCTGGAGAGCAACAGCCCGGTAAGAGCTCCTTTTATGGAGAAGAGATTTTTCATTTTTATAGCTTTCTGCTGTTTCAGTTAGCCTGTTTGTCAAAATATTCTCCACTCACACGTTCCTAGTATTTTATCTCTGCATTAAGTTCAAAGAGCTATTATTAAGAGAATTTTACTAACTTTTCTCAAAGCTGGTAAAAATGCCCAAGTTTCTCACTCATGTGTAAAAATGTCTGTTCACAGTGAGAGCTGGCACTAGCAAATGTCTGAGCTGGGAGATTTAGAGCTTACTCAGGGCCAAAACAACCTTATAAGGATAACCAAGTTTCAAGTGTGTCTTTGGGGGCTCAAATGTCCAGTTGATGTCTTTTTAACCAAACACATGCTACTTTATGGGAACTGTGAAGTGGTTTCTTCCGTGAATGATCTTGTTTTCCATCTTAA
>1:5982354-5983225	CACACACACACACACACACACACACACACACACACACACACACACACACACACACACACACACGTATATACTGTATATAAATGTCTGTTTCTGCCTTCACCTTTCAAAAATGTTATGTCATACAGTCATCTCTCCATTAAACTCTCTCTGTCAGTCTCTGTTGTCCTCATGTGAACAGTGCACTCAGTAAAGATGGAGATGCACATTAACAAAAGCTCCACCGGTTCTGTGGCCCTCAGGAGCATGTGGCCTAGCGGGGGGATAATCGCTCTTTACCTCCACAATCTAGGTCACTTTTTGTGTGTTTGCTGCGTCCCATGAGGAGGAGGGGGTCCCATGTGTTTATGCGTGTGTGTGTTGGGTGGAGTACATGGTGTTTTCAGGACCACCAGAAGCTTCGGCTCCGCGCTGAGGAAAGCGCACTTTCTCTTTCATGGTGCATCATTATGTTTTTCTTCTTATTTGTGTTTATTTTCTAATTATTTGCATTGCATTTTGAATTTGTTTTGATTGGCGACTCTAAAGGCTTTATTAATCCTTTGAAAAGAAGTGAGAAGCATGGGCGAATGTTTGACAGAGAGAGACAACAAGGATGCAGATAGAGTATTCCTGTTGAACCAGTTTAGTTATCGCTCACTGGTGAATTTCGAAAGCTGCTGTGTGGTTGTTTTGTGTCATCTAGAGAGTCTGAAATGACTGTGAGTGTGTGTTTTGTGTTGACAGGGAGTTGCTCCACCAGTGACTGTGAAGGGCGGAGCCATGGATAAACTTAAGGTAGACAACCTGATCTCCAGGAATGGACAAGACACATTAAGGTGAGGGGATTTATGTGCTCGTCTGGAGTGAATGACTGTGCATGTAAGTTCAGAATT
>1:15633017-15633878	CCAGAGCGTAATGGAGTGTGCAGTACACACCAATGACCTCAGGAAGTTTGATGACTCACCTGTATGTGTTTCTATCCTCCGCCCTTCATTTACCTCTTCACGCCAACTGCATTTCCGAAAAAACCCTTCCCACAATTCGCTGTCTTCTCCTTCCTCGACCTGTTCACTCTCATTTGCTGCTTTCCCTCCTCCAACTGTGACATGGGAGAAATCATGCATGAAAAAATGTTTGGACCGGCTATAATTGGCCTTCCCTACACATATAAACTTGCAAGTGTACGCACACACACATTCCCCGAAAGTGTTTCCAGAATGGTAAGAGGTTTGTAAACAAAACACCAACTGTCTTTTTTCTTTAATCCCATGGTTGACTGATAGTAATTCATACAGACACTTTCATTTGGGGAGGGTGCCATCTTTAATCCCCTCATAAGATGACCTAAATGACTTCCGCTTCGACTTCTTTCGCTTGTCTATTTCTCTCTGTTGATCCCCCTGGTCGACCTCCCGCCCCTTTTCCCTCATAGTGTCTCTCAGTAGGGGTCGTGATAGCTGTCAGTGGGTGGTATATCATTAGCCATGCCAGTCTCAAGAAATTTCCGGAATTCCGTCTCTTGGCAGAAAATGGGAGAGTGTTTAGAATGGAATTGGATTTGAGGGTGTGTTTTGGGCCAAGGCAGCACTCACCGGTATTAGGTGACACAATGCATGAGGACACATCGGCTAACCGCATGCCAAAATAGAATTTCAGTCACTTGGCAATGGAGGAGGAAGTAATAAAAAGTGTTTAAAGGACAAAAAAACAACGCCCTTATAGAGAATCAAGAAAGGGGGATATGTAAAAGAGGAGAATTAGGCTTCA
>1:21800101-21801003	CGCTAGAACGAAAGAGCAGTAAGCCTTAACCATTCAAAACAACTTGGTTACTAAATAAAGCTTATTTTAATAACAAATCTATGACTATTTTTAGTTCATTTCAAATTATGACTGTTCAGATAAAAAAGGACTCAACTTAGCATTACATAAATATGCATCTATTTAAACGGCATTCTGAGTCATTTACATGCGTTTTGTGTTTGTGAATATGAATAACCAAGTGTATTTCTACGATTCTGAAGTGGCCTGTGGATTACAAAAAAAAACCTAAAAGAAAGGAGGCCGAGGGAGTCTGCAGGAGAATGAATGAATTAGTCAAGGGTCAGTGATGATTCTCATTAAAAACAAATTACTGATGTTGAGAAGGGACAGCTGTGTGACTGGGGTCTAATAGTCCAGCCGAAGACTCAAAGCCAGTCGCCACCCGCCAAACACACTCTGCCAACCGCCCAACAGCCCCCTCTCCATCCCTCTGCCCCCCCGGGACGCCTGTCAGCCTGGCAGATGGGGGGAGACAGGAAGTGGCAAAGACAAGACCCCCTCCCACTGGGACCTCAAGCCAAATAAAGCAGAGGTGAAAACGGGGTGCAGGGAGAGGGACTGCAGACGGAAGAGTGAGGGTGGCACATGCACGGAAATTAGCCTGTCTGTTATTTTCATCAGCGCTGCCTTCTTTAGCAATGCGCCAAAAAACAAAAACATGAAAAAAACTTGATTAAAACATGACAATTTAATCAGTCTCAAGTGCTTTCAAATGAGTTTGAGTTTCTTTTAAACACAAAAGAAGATGTTTTGAAGAATGTTTTGAAAAAAACAGTAAAGGTTATTTGTTCAAAAATTCATTATTTTAAACTGTTGTATAACAGTATATGAGAAGTGTGTGTAAACTTTTACATTTGATTT
>1:40914262-40915151	ATGAACTTATTTATTTCAATTCACAACGTTTACGCTCGAATAAACAGCCTATTTTTCAATCGAATATCATGGGTCAGTAGGTAAACATATCTAATAAGGCTGATCTAAAAAGCTTAGTGTTTTACAGATCACGATTAGCTTAAAAAATCTGGAATGTTTTAGATGTGGTTTAAACACATTAACAGACGTATTTAATGCATTAACCCAGCACAACATATCCTGGGATACCCCGAAGAAGGCTGTCTCTTTGCCAAACAGTGGCGTTTGCTGTAACGTCGCTGTGATGTAGCGATCCATCCGACCAATAGACGGAGCAGCATCCGATTCTGCGAGATCCCCAGCTGACGCGATGCGCTCAACCACTATCTGTATTTTGATTTGCTCCCTAATTGACCCAAATAAAGCCCTCTGTGACAGGGGTTCCACCGACCCCGAGGCACGATCAAAAGCGAAGTCGAACTGGAGCCGGTAATAGCCTACCCTTTCGCGTGTAATCCCATTTGCTATTGTAGTCGTCCAATAGCAGAATGCCCTCCGCTTGTTAAGCGTTTGACTCGACTAGGATTTTTCTTTACTACAGCCCCGCTTCTTTCCGTACTGGCGCCGCGGACGCACAAAGGATAGCGATGGTGGGATATCCGGAAAGAAAGGATTGGTTACTTTTTGCTTAGAGGTATTCACGTATCACCCGACTATTTCTATAACTGGTATATTTGCTCAAGACATGCATGAAAAAAGCCAGCAACAGCACACTTCCACCACATCCAGGGGCTCGTCGTTTTTTATCGAGAATTTGCTTGGCTCTTGTAGGACAGAAAAGCCTGTCTGTCCAATAAAGGATAACGATGGCACGGAGAGAGCGAATGCTCTCAAGCGCTACCCGAACGCAT
>1:39401983-39402895	CGGTTTAAAACCCTTGAGCCTCAGGCAGAAGACGGAAAGAAAACCTTTGAACTACCACTTTCTTCAGTATACCAAAATAATTAACACTAAATAAAAGTCACCTTCTCTTCTCATTGTTTCATTTATATTACACAAATGTACAATGAAATCAGGATTGATGAAAAGACCCTTAAACCTAACCCGGTTGAGAAAGTTGAGACTGGCATGTCAAAAAACTTGTCAAAGCGCCTGTGATCCGCAAACAGTTATTTCAAGAACTTCAATGTTACTATGTGGCTTCAATCAGTGTCTTCAGCTCATAAAGTGTATCTGACTGCAGTCTAATGCACATTCTACTGCCGTCCATCTTAATTACATTGAGATGCACTTAGTGCCATGCAAATGCGTCGCAGGCCAACTGGCTCAATGTAGTTCCCATTGTCCTTCACTCTTCACCCGCCTGGGACTCGGTCAGTAATGACAGAGGAGTCGCTGAGCAGTCACTGAACCCTGGAGATGAAATTATCTCTCTGTTACTGGTTACGGCTGGACGGTGCTGAGAGCTTCAGCACCTCCTCTGATTCTTTAAGGAGTGCGGGTGGGACATTGGCTCAAACTGACTATGACACATTGACACAGGACATTTTATGTGCAGTTATAATTTAGTTACAGTAGGTTTTCTTTTTGTGTAGTGACAGGATTCATCTCTTGGTCCAAGAATAAATGACAAAATGTGTATATTTCTCCTCGGTCTTTTATAGAAAATGCACAAAGCTTAAATCAATTACAGTCAGATTAACATGTATGCATGCTAGCCAAGTTACAAATGCATTTTTCTTGGTCTGTTATAGGATTTGAGCAAAAAAAAAAACTGGTATGCTTTTAGGATTAACTCCATTGACGAAGAAAAAAAAAACTTTTAGTTTGATTGAAA
>1:11789992-11790944	TTGGTATACATGTTTATTTTGAAAAAAAAAAACAAAACAATAATAGTCATGAGGAACACTTTAAACAGTGTTTGCTGTATTGTCTGCAATGAAATACAAGTCAAAGTACATTTAAAAATCAATACTTTTTTTTATTTGCCTTTTCCATACGGTCCCCACTTTTTCTGATTTTGGGTTGTGGTTTTACTACTAAATTGGAAATATATTTACCTGACAGATCTGAAAAAATCACTCTTGAATGAACTTGCCCCTTTGCCATGTAAATGGAAAATAGAGAAAACAAATGCATGGATCATTTAATCTTGGCAGTTCCCATCAATATGCTGTAGAGTCTAATTAGGAATGGCGTGAAGGAGAAGCCCTTCTGCGCTCCCCTCTGACCCAGGGGCACGTGTTTGACCTGTGCTCATTTGTCTGAAGGTCTGAGGAGGAGGATGGTGATGAGACTTCGGCCACTCTCGGCTCGCGAGCGCCGCATGATAACCTGTACCGCGTGCACATGCCTAGCCTGTACAGCTGTGGCAGCAGCACCTACGGCAGTGAGGCTAGTCTCCCCGCTGCGGCACACACTGTCAGCAACGCACCAGTCACTGAGTACATGTGAGTGTAGCCACGCTAACCTCATCCTAATGCATGGGCTGGATCTTAATGACCGTGCCGCTGTTACGGCTCCTGTAGCATAGGCTCGCTAGCATAGATTACTGCATGGGCTTTGCTGTATTTACAGTAGGTTTAAGATCAGTTGTTAAAACTGCATGGGTTTTACTTCTAGAAGTTAGTCAAAGTGATGCACCGAAATGATTCTGAGCTGAAACTGAAAATTGACCAAAATATATACAGTTGAAGTCAGAATTATTAGCCCTCTTGCTTAATTTGTTTTCCCAATTTCTGTTTAACGGAGAGAATATTTTTCAACACATTTCTAAACATAATAGTTTTAACTGATTTATTTT
>1:5704117-5705004	TGTGGTCTCCCATCAGGTACTGACCAGGCTCAGCGCTGCTTAGCTTCATAGGTAACCTTGGGCTGCAGGGTGATATGGCTGTGGCTTTAAACAAAATTTAAACAAACTAAATGTAGTAATGTTAAACTTAATTTGTTTGTTTAAATTTAGTCCTGCTGACATGAATGTTACAGATGTTTTTACTCCACATAAAAAATAAAATACATCCAGTTCAACATTTTTTTTTAAAAAGAGCAGCATCTCTTCAGAGTTTTTGTGTCTCCAGCACTGTAGCGTTTGTTGACTGCTGGTCGGGGTGTTTATGTGTGAAGTCTCAGCCTGTGATTGATGTCTGATCGCTTCAGCCTGTTTTTCTGGGGGTCACGAGTGTCCTGGGTTGATTTTGGAGGTGCTCTTGTTACGCTGTAAATCTCGTTAGCTGAACGACCTTTGACTTTGGCTTGCAGAAGGTCTCGAACTCCTCCGTCCCGCTTCAGACACGCTTGGGCTGAAAGTTGCCCAAAACGCTCCCAGACCAATTAAACATCAAGGGGGAGAAGAAAAGAAAATAAACTGCGTTTGGAGGAAAGGCTTAACTCTTTTCATCCGTCCTCCAGAATGCCAGGAATGCCCTCTTAATTGGACTCTGATCTCTCATCCTTTGGGAATCAGAGTTTGGAGAACATTGGCAATTTGTGTGTGGAGTTTGTACGAATCTGTGGAGATTGTGTTGTACCAGCTAGAAGTACATAAAGCATAAGAAAAATACTTTTTACAGTTGTACAAAAACGTGGGGTTGCTTTTAGAAAAAAATGTATACTGTATACTGTAGCACTCAAAAAGCTAAATTCAAACAAATAACTAAATAAATAAATTTAAACATAAATAAATATTTAATAAATTATTAAA
>1:46111983-46112892	TTCAAACCAGTGAGCTGTTAATAGATATGATCAATCTGTGCGATTCACAAATTAAATGTTCAGTGTAATTTGTGAGCTGATTTGATTTGATTGTAAAACGCATATTTTGTTTCTATATGTGGTAAAGGAAAAGTTACCTTCAAGCACCAGACACTTAACCAAATTTACAAAAAATACAGTGTGCTAAACTAAAATACGCTTGTACTGTCCACCACTGAAACCAGGTTAGCATTTTACCCTTTCACAGCTTACACATTTAAACCTCATCAGCTGCGTTCAGCTTCATCTGCTTTAACTCCAGCTCTCCAAGCTCCAGTTCTCTGCACACTACATCCATTCACTGCCTACTTAGCTGCTCAATTACTAACACTAACCCAAATTCCCAGGCTAAAGACAGGCCACCCACAAACCAGCATCTAACAAAGACATCTCTGTGTGCCCCGTCCTCTCGGCATGAACCCCCTTGAGTGGACAGTCAACACTGGACGCCCTGCAGAGATCATTCAAGCGCGGAGGACTCGCCATACCGCTAATTATTCCGCCAGATTAGCGAGACAATTATTATTACACTTGTGCTAATTAGAAATTATTTGAAGCATTTGTAAATTAGTCCTTACAAGCTCTGACGGATGGAAGAAACTCATTAAAAAGACTAGCGTGAAATGCAAGCACAGGAGGAGGCTCTACCTGTTAACCACATAGAAACAGCTGCTCGCTCGTGTACAGCAAAGAGATATCCTGGAGAAATGAACATGTGCTGAATGGAAAATGGCAAATATATATGCCTGGGGATAGTTTGGCCAGTTCATTTATGTGTAATTGAAAGTAGAAACCATTCATTTCTTTCATTATATATGTGCCATGTAATGGCACCAGCACTGTAAATGGATTCAAGGATTGGCGAGTGCAT
>1:50882066-50883002	ATGTTGGGGAAAAAATAAAATGCTAGACTTATTTTAGTTGAATCAATGAAGTTTTTGTAGTCATCTCAACTCAAATCAATCAAACAAACAAAAAAAATATTAAGTTAAACTTTGTATAACTTAAATAAAAATTGAGTTGAAACCTGATTAACTTCCTAAAATAAGTTAAAGTAACATATTTAACTTATTTTAACAAGTTAATTAGGTATCCACTACGTTTTTATTATAATTATAATATTATAATTCTAAAATATTTGTTGTCTATTTTTTTATCATTACATTTTTTACAGCGTACTAATCGACAAAAATAAAAATGAAACTAGACCAGAAAGACGTGAGCAGAAAAGTTAGTGTGTATCTGAAACGTGTGATTAATTCTCTGTAATTGTCCGCCCCTCTCCCCGCTAACAGCCCAACATGGAGAACTAATTAGCTACATTACAGTCATTTCCATTTTAATGCTTTGTTTGCCGCCATTGTTTAGGAGCACAATGGGAGAATTGCAAATGGCGAGATTCAGCTAATGAAACTGGCCATACTCTGCCCTGGCCTGAGGACAAAGACCACCGACTGACCACTGATAATGAACTACAGGCCGCTCGCTTGAAGACAATTAGGAAAAAAATACAGGCATAAATCAGACTCTGTGCCTTTAAATAAAAATTAACAAATCTGTGTTGATATATTAATTGGAGAAGATTTTTTAAAAATTATAATTTAACTGTTATATATAATTTCATTGATATTGGTATATAAGTAAAATCATTATCAAAACATGAATAAATAAATGATAAATAATATTCAAAGGCTTAAATTAATGACCGTGTTGTTCAATTATTTAAAAAAGAAACAAATTAGGAAATAAATAAGCTGAAGTAAAACTGACATTTATATTTAAATGTTCTAAATCAATGTTCTAAATGAATAAATATTCATA
>1:1662193-1663032	ATTATTTCCTTCAAAATAAGGCTATGTTGTCCAAATTGTTGTGCAGTGGCTGTGACAAGGAACCATTTACAATTAATATATTACATTTCACCAACATAAAACAGGTTTATGATTATAATTCCAAATTTGTATGATTGCAAATGGGATATTTTCTCTGTCAGATGGACTATTATTGGACTGGAGTCATGAAGAACTCACCACTTTTTAGCCGAAGGCTGAATGAAGGACAGACGAAAACACTACCGACAACCTGCTGTTGCCAGGCAACACGCGCGCATGCTACAAAGCGCGCTAAAAGATTATGCGCGCGCAGTTCATGAGGCGCTCAAATGTCTTTTCAATTACGTGAAGACGCGAGGCGCGCGACAGGGACATTGTTTTCCCCGATAGTAAAGGGCAGCGGTGGGGAAAGTGAACAGCTTGCTGCTAAAACAAGACGAGATTGGATCTCTCCACGCTGCATTCCGCCGCTCCAAACATGTTCATTGATTAGATACGCATGGAGGGCGACTGCGGTCATGCGGAAGACATGCGTTCGGGGACCGAGGGTCAATCCGGCCTCTGGTGGACACAGTCCAGTGGCGCTCAAATTATTAGCTCAGGTATTCACAAAGTGCACAGCTACAGGAATCTACTCCTTAATGTGCCTGAAATGCTGAAATGTGCCTGTGGCGACTTCTTCACCACTGAAGGACCACTGCTTTTAATATGGAAGTGTATTTCTGTAATATAACAAAAATCAGACAGAAAAATAAATCATGACGCACTGAAAAAATAACCAGGTTTTTTGTGATTTCATGTTTTTTTTTTTTTTAACGTTTTAACTTTTTTTTGTTCATT
>1:36070026-36071005	ATGCAGAATCCACAAAACAGTGATTGACTGTCACACTTGACTGTCAGATATCTGTTGATAGCAAAGCTTTAATGTGCTTGGTTAAGAGGCACACATGATTCAAGATGACCCTAACAAATAGTAGAGCAGCAGAGGCTGGTGTCTTCCATTATTAACACCTTGAACTACAAGTTCAAGGCACATATGCCCAAATTGCTCCAGGGGCGATGTCCATGTGACAAGTTCACGGAAACATTGTGTGAAAGTTCAGAAAATATAATGAGCCTGACCTTTGGCCCTAGTTTGTTTGTAGCAATTAAAAAATCGAGAAAAAAAGCTCATATCAATTTGGTTGCAAGCACTGACGAGGCATCATTAAGAATTTTACTTGGTTTCATGGTGTGGATAGCTGCTTTCTTGTATTGAGGTGTTGCATCACACGATTTAAAGTAGGTCAGCTCCCCCACCCATCCACCCCCCATCAAACCAGTTAACAATGTGTCGACTTCCCCCACATCTGTTTGATGGTAGCTGTTTGCATCCTGGGGCTAATTACCACTGCCGTGTTAGTCCCTGCGCACTGATGGTTCCTGGGTTTCAACAGATGGACCCTGATGCGGCGATGCACCGGGGGGCACACAGAACCTAAGAGAGGACTGCCATCCTCTCATTCTCCACGGCACAACCTGTGTTTGTCCCTACGGATAGGGATACATCCAATTGCAGCTTTTTCTCTGGGGGATTGTTTCTTGACCTGGTCATCTCTTCCTCTTCTCTGCCAGGATCTTGGCCTTTGTTATTATACCCAAAGCCAATTAGAGGCATCATCTCGGCAGTAAGACAACATGAGCCATGCCAGCCAAAGACACAGCAGTACACTGCTGAGTGGTTATGAACTCACAGATCCCACCTCAAAATCATTCTCCAATGAGCAGGAATTAGTTTGTAATTTACAACTGATTTAAACAATGTCTTGGACAGTAGATGACCTTCTGAGTGGT
>1:38687772-38688659	CTATGGAAGTCAACGATTACCAGATTTCAGCTTTCTTCAGAATATCTTCTTTTGTGTTTAACAGAACAAAGAAACTCAAACAGGCTTATGACAAGCGAAAGGTGAGTAAAGGACAGAATTTTCAGTTCAGGATCCACAATTATTCCTTTAATCACAACATTAAAACGTGAATGTAAAAATAATATTTTAAAGCCACATAATAGTAACCCCCACTGTTCCATTTCTGTGGGTAGATATTAGAATTGAGTATTTTTATATTGTTTATATATGGAGTGTGAGGCATTATCTCCCTCCTCGTGAGTGCCCCAAGCTTACACATTACTTGAATTGGAGCATGTTTGCATCCTAACGGGGTTAATGGGAGAAGCAGCTTTGTGTTTTAATTAGCCACCCGCTCAGCACTTTACAGGGGTGCCTGCTCTTTCTGTGTCTCTGAGAGAGAAGCATTAGATAATTTTGACCTCTTGACCTCAATGGGCAGTGGGCTGGAGGCGTAATCCCCTCACCACTGTTTGACCAGAATCTGGCAGATGGTGCAAATGAACCAGAGGGATATGGATCAGAGGCCTGGGTCAATAGGGAATCACTGTTTTGTTGTTGTAAAGTAGAACTGGGACATTTCTTTACTAATCAGATTTTTTTTTTAGGAAGTTGATTAGTCAGATCCAGGCTTTTAATCAATAATTAAACATATTTTATGAATGTATATTGTATAAATACATATAGTATTTATATACAAATTGTATGAATTATTTATTATATTAAAACGTTCTAAAAACATGACTCTCCAAATTAATTATACTAAATGAATTACTGAATAAACATGAAAGACAGAACATGAGGAAATTTAACCTGACATTTGGAATTCACATTTGAAATGTAAAGGTT
>1:26161377-26162490	AAGCAGTTCCACCTTAAGAGCGGAACCTTAACAGATTATCTCGGTTATTTCACTGCCACTGAGCCGGCACTAATAGTCCGAGGCAGATATTGAAGAGTAGCGCAGGGCCGTGGAGATCTATTAGAAATTCCCATCTACACGGCTCATACATATTGATTTCTGACACCAAGCAGCACTGAAAGCCCCACGGGAATAATATATTTAGCGGGGTTGGCAGTGAGGAGGTCACAGAGTGCATAAAGATTAACCACACAGCCCCCTGACAGGGCTCTATGTGTGTGTGTGTGTGTCCATACGCAAAACATGTTTGTTTCTATTCATTTGTCCTCTGCATCGAAGGTGAGCTGCAGAAAAGCGCTGGTGATTCTTATATGATGCAGGAAACTGAAAAATTCTAGGCAATATTTGATTGCTCAAATTCTGCATTTCCAAATTGATAAGATAATGAATGATTCTGTATTAATTAAATGGCATAGTTTATATTTGAGCACTACCTCTAATTTGGATTTTCCGTCGACAGTGTGTTTGTGTGTGTGTGTGTGTCAGATGTGTTTGTTGAGGGCGCTCAGGCTGCTGGGTGCTGATGCAGGGCACGCCTTCACTGATTAGCTTGTCCAGGTGAAAGAGTAATTACCTCAAAGGAACGAGTGGCGAGAGCAAGACAGCAATCTGTGGAGGAGGGCTTGACTTCACACCGAGAACACTTAACATCACCCCCACCCCTTATATCCACGCACACGTCGCCCATTTCCTTGCACAGAAAATGACAACAGATCTATGCTGGCTCTACCTCTCCCCGTCTGTCTGCTTTAGCATTCTCGCTCAGCCATTTTCCCTTTTACACATTCTAATCTGCATTGGGTGGGTTCAATTACGGAAAACTGTTTTATGGTTGACTACACATGGCCTGGTAGTTTTGTGGTTGGTGGTTTGATACCTCTGAGGTGGAAATCAAATGTGTAAGGAGTTTAATGAAATGATCTATTATAGTTTGATGGAACAGTTCTCTGATATCACAGTATTTTGTGAAGAAATGTAAACTTTTGGGGAGGAAGGTGGTACGCTGTTAAGAAGTTTAGTGTCTTGGTTTCTTATTCTCACCATAGCTTCATTT
>1:4171326-4172348	GGTAACTTTTATATAAATATATTGTAATGTTTATTCTCAACATTTTATTAAAAGTTGTTAATAATGACAAAACAAAAAATGAAAAAAAAAATTTACCATTAGAAGCTGGTTATATTCACAGACTGTTGACACATAGCTGCGTTTAAACCCTATATAAAAGTGATTTTTGCATAATAGGTCCCCTTTAAGGATGTCAATGTTATTTGAGGGCACTGTAGGGCTAAAGAGGAAATGATATATGACGTGAGAAGTGAAGTCGTGAGATCATTGCATAACATGCAAGAGCAATTGATTGCCCCATTTCCCAAACTTTAAAAAGAAGAGGCCATCAAATGGAGAAAAGAGAGGCTGGTGCTCATTTTGGAGGTGCAGTGAAGCATTTAAAAATAGCCTCAGGGTTGGTCAGACTGGCATTGTGAATTTGTGAGAGGCCGGACTCAGATTGTAGAGAAGATTTGACTCCAGTGCTTATCCGGAAGTGAGACTGACAGACCAGTACATCAGAAAAAGCTCCAGACCAAGTGGACAACAACACAAAGTTCAGCAGAGGTCACTTTGGCGTGTGCGCTTGCCCTTTAAATCCGAGGAATCCTGGAGTGGGACGGGGGTCAGAGGTCGCTGGGTTTTATTGCTGACCCTTTGGTTTTTGTGAATTGCCTCGTTATGCTGTCAGTCCCGACTGAGCTGCTTTATTTGATGGATTTTGGTCTTGTTTCCTCAGGCCTCAGGTGTCACCGACTCCTTTTACTTTTTGCCATGACCGTAGATGTCACTGAATCTCTTTTAGTTGTGCTCTTGTTAATCTGAATTTCTCATCTGAACTGATCATAATTGCCATTGGAGGGATTTGTTGCATATGAACAACAAAATGATGGATTATGATGATATGTAAATTTCATTCATTCATTCATTCATTCATTCATTCATTCATTCATTCATTCATTCATTCATTCATTTTCTTTTTGTCTTAGTCCCTTTATTAATCTGAGGTCGCCACAGCGGAATGAACTGCTAACTTTTCCA
>1:11827800-11828387	GTAATCAAATAAAAAACATATACTTTGGGGTTCATTTTCCACAGTTTGGTTTTCATTTACTGTTTGCTTTTTGGTTTCTTTGTTGACTATTTTCTGGGCTCTTATCTCTCCCCCTGATCAGATGATCTCCTCCCCTCTGCTGTTCCTCCCTCATCAGCACTCGTCTGTCCTATATCTGACTTCAGTCTTTGATTGACAAACAAAGAAGAGATTATTCCCCTTAGAGAGAAATGGACGCAGAGGAACCAGAGAAAAGAACGTCTGATTGATTGAGAGAGATGTAGATAAAGCTTAACGGGGAAAAGCGATGGCTCCATGGCCGAGATGAGAGAGCTCATGCCGATATGATGGCTCAGATGAAACACATTGTGCCTCATGCATCATTAAGCACGTCAGATAGTGCACACATGCACTAATGCACACATGTGCAAATGCTCATGGGGTGACCTAAAATACTGAAGCCCTTTTCTAAAACCTTAATCTCTTTGATGTTTTGTGCCTTTGAGGTTTAGTATCTGAATAAATATGTTCACGTTTAGAACCATTTAAAATATGGGAATTATATGATTTCAGTGTGTTTTGTTCAAG
>1:56188491-56189450	CGCCTACCTAGGGATGTGTTCCAGGCATGTCCCACTGAGAGGAGGCATCGGGGAAGACCCAGGACAAATCAGTAGTTACCGATGTTGTTGCTTTAAAAAAACAGCACATTACTGGTTCCTTTGCAGACTGGCCTTTTATTTCACATGGTGTCTAGTTTTTCCTAAAAGTTGAAAAACATCACATTAGAGTCAAAAATGTAAATGCACTGTATTAACTTTATACACATTTAAGGCAATCAGCTAAAGTAGCTCTGCAGTATAAAAGTAACAAAAAAAGTGAGTTTTTGTTGATCTTACCTGATTTGTAATGATCAAACAGAGCTGTTCACTGCTGATCCAAACTCTCTTACCATTTAATTTCATTTCTCTTCCAGAAGGGATTAGCAAACCCAAGCCAGGAGAGCCTGAGTCCGTCTTTTGCAAACAGCGGAAGCCTGATGAGTTGGGAGGAGGAGTTAGAGGAGGGGCCTGATGGTGAGGGGGAGGGGCCTGGTGGTGGTGAGGAGGAGGGGACTGTCAATGAGGAGAAGGGGACTTTCAATGAGGAGGAGGAGTCTATCATAATGATTGACGGATCAGAAAATGAGCTTAATGAGTTAGAGAAGGACTTGACAGAGTTGGGGGAAACACTGCGCTCTGATCTACAAGATCTAGAAGACGCTTCTGTGGAGAGCTCTCAAGAAGTGCAAGAAAACACACAAGATTACACACAAATGAACGGTACAATGGAGGAAAGCCTGGATACGGAAACAATAGCTGAAGAAAGGACTGAGACGCAAACTGACAAAGAAGAGGAAGAGCTTCAAAACGAGACACCTGATGCATCAAATGGACACACGCATGAAGAAAGCATCTCTCTCAAAGTAAAGATAGACCAAAGAGAAGAGCCTGAGGAGAAAAGTGCTGAAGCTCAATTGCCTAAAGTCTCATCTACCGTAGCTCTGTTCCAGTCCAAGGTGT
>1:59290283-59291218	AATCACAACAGACCGGGTCATCAGACCAATCACAACAGATTAGCATCAGGGGTTTGGGTAAAGTGACTGGCTGAACAGATCCTATGGCAGTCGTTAGGATAATGAGGTCTGCAAGATAACTGCATATTAACAAAGTGTTTTTTGTTCTTGTGTGCGTGTCAGCCTGTTGTTGGAGACCCCAAAACCAAACCATGACCTTTATACTGCATGATAGAGCCTCTTTAAAACCCACAATAAAAGCCTGCCTTGTACATGAATAACCCGTTAATGAAAGTAAAGCAGATAGGACATCAAGACCTGAAGAACATCCTTACACTCGCTAAAGCAGCGAAACACTGAGAGAGTAAACGAGAGCGAGAGCGGTGCTGCTGGGACATGCTGATCTCACTCAGGCTTCAATAAAAGTTTACATGCGTTCACATCATCACATCACTCATTCACCGCTGTAACAGCTTGTCTTTCTCTGCACGCTAAATCTGCTGCTGGAGCAGGTGAGCAGAGCACAGGTCAAGATCAGGGTCAGCTGCAGGGGTTGACCTTCGACCCCGCCCTTACAGAATCACACTATTTTGGCATTTCTTGGAGAAAGCAGCCAAAGAGAGGCTCATCACTGTGATGGAGTGTGTGTGTGTGTGTGTGTGCGCGCACACCCTAAGGCTCAGTTCAAGCAGGAATTTGGAATCTGCCAGAGCACATTTTATTTTATTAGTTGGGCAGCTCGACATCTTGTTCAAGCATGTTGATGTGTGTGTGTGAGGCGGCTGGTGATCTGGTGTGCGGTTAGACGAGTTACAGTTGGTATGTTTCATTATAAACACGTCATTTATTAATGATAATAATTCATTCATTTTCTTTTCGGCTTAGTCCCTTATGATAATAAGTATTTTTTATAAAGCAATTTACATTTGAACTGAAATCTCAAAGTTCTACAGAGGA
>1:42792377-42793253	ATGCTATTCCAGGTATTATTTTGGTAAATGTCTTTTAATCATAGTTTATTAAAACAAATATATTTTTATTTTATTTTTTTAATTTGCATAGATTTATAATTTTTTAGCTTACATTTAGGTATTTTTTTAAATGCAACATCCTAAATTACACCTAAACAGCTAGATGGAAACATCTACACCCATTTTTTTTTTCTACTTGTCACTCTTTACTGACAGTCTAACAGAAGTTACTCCCATAAAAGCCTCATTGGGCATTGGGGAAAAAAAAAGGTAGATACAAAACAGGATCATCCGTCCAGTGACAGCTCCAGCTGATGGTAAGCTCATTGGTCCAGTCTCTCCCTTTTTCCCCTCCCGCAGGCAGCGTAAGCCTCAGTCAGACCTGACCCTTCATTGTCATCCCTCTACATTATCTCAGCAGAGGGCCAATTAGGCATTAACCACATTATACACCCAGAGACCCCTCTTTAGCCACTGCCGGACTCAATAACACATTACCATAGAGGCTCTTTAATAGGAGAGGCTGTTAATTGTCAGGCGACATGAACAAAAAAAAAAAAACGTGCCCACTAGCATGAACTTGGGTGATGAGCCCTAAGTGACAGTGTCATTTAAAGGCAGACAGAGACTGGCACATCACGCATCAAAAAATGATTCATCGAATGATTCAGCGAGTGATTCACAAGCAGGATTTATGGGCTGCCATGATGACAGCGGCTGACTGGTAATGACAAACTGCTTTGTGATGGTAATGACAGACAAAATAGCTGCTGAATATTGAGCTTATGGGAACTACATATCAAAGCATTATCCATTTGGGGTGTGATTCTCTATTATTTGGTTTAATGGAGTGTCTGGACGATATTTATTGTTAATG
>1:9289547-9290436	CGTTAAGTAATCCGTCTATAGAAAAAGGTACAGCGGCCGCCGACTGTAGCTGGTGTCCGGAGATATCGTAAACATGATGATGACCGAGGTGGTAGGGGAAACCCATTCCAACCATGCTTCCCAAAGAGCCTCCAAATTGGGCATGAGGATGCTCGAGGATCCGGCTATCCATCATTGCATCTCGCGTTCGTCTGGCCAAAACAAGCTCCAACTCTTCCCTCAGAACGCATGCAGCAGCCGTGAAGGGACGTGCGGCGTTGACATGCCTTGCGCTCCCGAATTAGGAATAAGGAGACCGAGGCAGGCGTGCGGGCTTATTCGCTCTCTCCTACTTTGTCAACATCAACTCTCCCCTTGTCCAAATAACTAGCTCTCGCGCTAGGGAATTCGCGACCAATAAGAAAGCCTAATCGTCGGTGACGTCAGAGCCACGACACAAACGTTTTCCATATCGATTGCTAATTATACCTGACATCCACCTCAATAAACAATACCAGCGCTGTCACAACACGACATGAGACATCACAACTAGGCGAGGGGGAGGAGAAAGGGGAGGAGGCGAAACCGGCAAATTGATTGATTCCCGACTAAATTCTACATAAACACACAATGGTTCTGTTCCAATTGCTAATTGTTCTGCTCTGACCGCCGCATTTGTTCTGTACAGACACAAAATAACATCCTAACAACCGAAAACGCCAAGTATCCCACATCTGATACTTTTCGAGGAACGTCTGGCTCTCTCTGAATGCGTAAAACGCTGTTCTCCCATTACGCGGAGGCATCGTGCCCTGAATAGAGTGATCCTAGAACGGATGAAGCATCTCCCACCCTGTTGCGAGCTGTCAGGATGAATTTAAAACTACAAGCACCTCAGCCTTTCTAATATC
>1:11506414-11507237	CATTCAGTGCTTGAAACGTTATTTGAACAGTTATATTGATGGAGTTTACCTGTTTTTATTCCCATGTATTATAATGAGAGCATTTGCATGTATAAAACTCTGAAGTGAGTGGTAATTGTTATTTAAACTTGTGGTAAATGTTAACATTCTTAAGGGTACATTTAAAGGTTAACACTTAAGAGTTCCAGGGATCCAGAAAAAAGGGGCTACAGTAGACATGATGAGACGAGGATGGAGGGAAAGGAAGAGGCAAGTATAGAAAGATACAGAGGGAGAGAGAAAAAAATAGGGGCACACAGAAGGAGAGAAGATCAGACAGAGTCAGGGACATGGGAGAAGGAGAGGGGTGGGCGATCGTGCCCGTGTGTCTCAACAAAAGCGGTAAAGGTCATATGCTGTCAACACGCACATTTTCTCAGGTCACACACACGTCGTATTGACTGAACATCAAACTGACAAGTAGAGGGAGCAGGACGCATGAATTTTCAAGGTGCAGGCGTGTGAAAGAGAAAGGGTGTGAAGGAAAGGACACTGACACACTCTGAGATTCAGAATTATGATTCAGAGCAGAATTCAGTTAAGCCTTTACTGGAATCGGCTTCATCAGGCTGTAGACTGCATGCAGTGCCAGCTGGGTCGCTTTGGTACCCGGCAGGCTGTTTTTCTAGAGGAGGGGGGTGGTGTGTTACTGATTGAATTAGGAGGTTTTAAAGCAGAGCACAGATTTTTGCGTGCCACGCGTGGGAGCATCTCAGTGTTAAAAAAGGCAGCAAGATTAAAAGATTCAAAAGTATGATTGTATTGCAAGCAACGTCTCACCATAT
>1:26258464-26259355	ACAAACATATTAATAACTTTATATATTTTAAATAAAACCAAAAACATGATTTTTAATGTTTTTTGAAGAAGTAATATCTCCTCACCAAACCCGAATCAACATTTTACTGTTTTCGATCAAATAAATGCAGGCTAGATGAGCAGAAGAGACTTCTTAAAAACAAAAAAACATTGGCCATAGATGTATTTAGAAAACAATTTCTCCTGTATCTCTGACAATAGGTAATGTTTGTATGCTCTCAAAATTTGTCCTGGTGTCTTTGGATTGGAAATATAAGCTCAAAGTTACAAGAACATTCCTTTCGTATCTGGTTCTCCATCCCCCATCTTTCTCTCTCTCTCTGGGTGGTTTGATGGAGTGATTTTGATGGAGTGCGCAGGCGGCCGAGAGCCGTCGTGGAGCTGTGCTAATTGAGCTCTCTTTGTGCCTGGTCACAGCAGTGAGGCGAGGAGAGACGGCTGGAAGTGAATTTGAGCAGCACTCAGGAAGCCTCAACCAGATCGATAGTGCGAGACTTAACAAAACGCAGACATGCCGGCCACGCACATCAGGGTCATTACTGTCTATAGCGAGCCACATTTCCACTGGGGACTGATCAATGGGGGAATATGTGGATTTGGAGAAACATTTCTTTTCTTTCTTACTCTAAACCACAACTTGTGTTAGTATTTTTCTTTCAAAAGAATAGTTTTTTTTTTCACTTCTCGAAAAATCTCAATGGCGGGATTATTTTTTTGTGGTTGGCAGTTATAGAAAATATGTGTGAGAAAGGAGTCACGGTATGCAAATCAAACCCTTTGTCCGTGTCTCTTTCTGTTTCCTCTCCTGCACTTGCATGAAGACATTTGTGTATTTGTTTATGGAAGGTGTCATCCTCCTGCAACCTGTAATG
>1:40910868-40911714	AAATAGGCTTACGTGCAAATAGAAAATGTAATTTACAGTAGCTATAATTAAATTTATAGGGAATTTAAGGGTCAATTAAAAATATTTGGTATAAGCAATTCAACATTATTTCATCTCCAATTGACACGCCACAACAAGGGTTATCAAACGAACTGGAGAAGGTCGCAAAATTGGCCTCCATGCTAAAATCAGAATTTATTTTCCATTTCTTAAAAGCACTCATTAAAAATAGTAGGCAGCACAGTGTAGTTCAAATATTAAAGTATGTGTGCCAGATGTCTGGATAGGTTTGATCTGAAGCTCCCACCCCCCTCTGCCATTGGCCGCCGTGCTGTCTGACTCTCATGACCAATAAACGATGGAGAATCGTGCTCTTCCGGTCAGTGGACTAACAGCCTAGGCAAACGCAGCAGCACTGCGCGTCGTGGAGCGATGGTGTTCGGAGAATCGAGACGCTAGTTTATGAAACGGGGGAAAAAGAGGCACAGACACGGACCCGCATCTAACGGAGAATATGAGCAAGGAGGACGCGTCATGTCGACCCGCTTCTTTGAAGTTCACCATTGACAATATCCTCAACTCCAAGACGAGCAGCAGAAACTTTGACAGCTGTCATTCAAGGGCATCGCTCGTGGTGTGTCGGGATGGCTGTCTTCATCACCCCGGAGAGAGCGAGGATCCATGTAAAGAAGGGTCAGATGCAAGATTGCATGGCATTGGTAAGATATTGTTTTTGATTTCGGCACAAAACTGCTATAATGTGGTATTTCCAACTGTGATATTTTTTTTTCGTGAACAAACATCAATAGCATCTGCCTGGATTTCAGATAAACTCAACAGAGAGGGG
>1:40920213-40921112	GCAAAGCCAGAAGATTTTACATTTTGAAAAAAACCCTGAAAAAAGGAACTTTTTTTTTTGGGAACTTTTTTCATAGCTAATAAACACTTTTTTAATTCATAGCTAAAATGAATAAAAGTATTCAGATGGACTATATGTTCTTTTACAAACAAAGCAAAAGCATCATAAAGGTTTGTATAGTAACTAATATGATGCATAATCCAAATTAATGCCAAAATATGTTATAGTTTTACAAAAATATATGTTCAACAGTTTAATTTTCATGCAGTTTTCATTTACCTGGTTCTTTCCAAACCCTTTGTTTCAGAAAATGGTTAACTGTTAGCCATAGAACACAGCAAAACTTTAGCACAACCTCCGCCCATATATCAAGTCCAATTTCACGGTGACGACTCAATCTAGGTTCAGACCGCAGAGACCATGAGGGCGTTCGGCCTGACCGCACCACTAAAGAGTCACAGCAGATGCCTGGACCGAAAACGTGTCTGATGTCAATGCAGAGTTTAATGGGTCAAATGAAGGGTCCTCGAAACAGAAGCATAGCAGAGCCAGTCCGAACCCAGCTACTGTCTTTTAGGAAACAACAAGCAGTCTTTAACAATCATACAAAAGTCATGACTGACTGAACTTTTGAACACAAAAACCATGTTGCCATCCATCAGTTCAACCGGCTGTACAGACCAACATTCCTTCAACAACAACTGCTAAACTTGGTTCAAACTGCTGGTGAAAAGTCATCTTTAAATCTTCAAAAACAACAACAACAAAAACAACAACAACAACAACATATTAATAACAATAATCATTTTAATCTAAACATTTGCTCTGCAAAAAACTTTTTCCAAATCTATTTCAGAATTGTTTAAAATATTATCCAAAATATCATTGTTTATAATTTTT
>1:50923672-50924376	TGTGGGGGAAACCGGAGCACTCGAAGGAAACCCACACGAACATGCAAACTCTTCGCTCAAAATGCTTTAAAATAATTTTAAAGTCGTCCTATGCTATTGCAAACAAGAAAAGAAAAAGAAGTAGATATTTACTTGCTCTTTTGCATAAAGAAATGTGATGCTCTTACTGGGATATCCCACAGAGGGATGCAGGAGGTCCATGGTTGCCCCGCCGAGCCCCAGCCCGTTCATGGCATACGGGGCCTGCTTGAGGTATGACATCATTGTTGAGCTCCAGGGAGACACCTGCAACAAATATAAATTATTATTTAAAAATATATATAATAATAAACGGGGCAATAAACAGTTATAAAATGATAAACATATGCTGAAAACGTTGGCGGTCCAAAGGGACTAAGCAGAAAATAAAATAAACGAATATCATAATAAACGAATGCACGCAGCATCATATTTAATTGGTCTACAGACACATCAAACGCATGTCGCAAGAGTGATCAGTCCGAATATGACTAATGTCTTTCCATTGATGATCTCTTTTTTCACACTCGACTAATCAAGGGCTTCACACACTAATTGGCCATTTACATGTCATGCCCTGTTAAGCGCTCCTGACGGACTAAACGCCGCGGACTGTTTGATCTTTTCTTTTGTTTAAAGTTGGCGGCAGAATTATGAATTTACTTCACGCGCGTTCTAATCGAACAG
>1:11222414-11223329	GTAAAAGGTGTTTCTTACCACCGCAAGTATATTTCAATCCTGTGGGAAGCACTGTAATCCATAAATTTTAAAATATATATATAATCTATTAAAATTGTTATATAATTTCAACTTAACCTGTTTTAATTGTAGCGTTATCTGATGTTTGTATTTTATTTATTTTTTTAACTTAGTTTTAGTTAAAAATAACAACACTGCTTAAAGTCAACCTCTATTTCTAAACATTACTACATAGACAAATGCTTTTTAAAATTCATATAATCTATTTATAGCATCCACCAAAGAGAAACCTTGCTAACCAGCTAATCCTTGACCTCCAGGTCAGAACTGGCGACACTTAAACACAGAAACTGAATTGAAAATGAACGGACTCATACGTTCCCTGAGCACTTGATTGATTAAGCTGTCAGTCTGGCGTGACGAGTCGCTCTGATAAAGTCCGCTTGACAGTCCAGGCCATGAGGCTTTGCCACGCGGTGTTAGATCTAATGAGATTGAAGCTTCATCCGCACACATTAACCACTGCGCTTTTCATGTTCGCCTGTCAGATGTATTGTCCTGCCGAGTGTGTATGCATGATTGATTAACCACTAAATGACTGCTAACTCATGAGGGTAATTACCAACAAACACATCATTTGCTTTCGCCTATTTGCAATGGCGATGCAGTTGTTCCACTGCGACATGCTTTTCATTGAGCGTTTCGCTCTTGTGGGCTAAGGATGCTGGGTAATCCTTTACCATGAGCGGGTTTTAAAGCATTCAGAGAACCGGCTGATAAATATTATGCTTTGTTTCACTCACACACATACATATACAGTTGGATTCAGAATTATTAGCCCTCCTGAATTATTAGCCCCATGTTTTTTTCTCTAATTTCTGTTAAACGAAAGTAGATTTTTTCAACACATTTTTAA
>1:16616240-16617262	GAGGTATGTTCCCTCCTCAGCGAAATGTTAGTGTTTGTGTGTAAGATGGTGAGGGAGACAAACAACATGAAAACAAGTGTGTAACAGAACAAGGCAATTCCTTGATCTACAAGTGCAACTGTGCATCATTGTCTTTATCTGGAAAGGGAACATGTATAAACTGTACACATCTTTACAAACTGTACAAGTCCTATTATAGGAATAAAATGGGTCCATTGGAGCCTCGGCGTGAGGATGGATCGGAGGTTATCTGGGTGATATGGGGGCTGTGGAGAAGGAGCCGGAGTTTCGGGGTGAGGGGAAGGGAGAGGAGGGCGAGAGGCGTCGAGGGCTGCACAGGTCACCATTGTGGAGCTTCCACAGCAGCTCCTCGTTCTCCATTGACAGCCGTTTGTTGACCTTTGACTCTTTCTGTAGGGTCTGTTGAAGCATGGCCTGCTCCGTGGAGAGTTGCCTACAGTCAAACAGGAAAAATTAATAAGCATTAATCGTGAAGTTCTAAGATTTGACAGTTGATGCAATAAATAAAATGGCAGGCTGGATACTAGATAGGAGAAGATGATTAGGAGAAGTTTAATAGGCTATTACACCTGTGTGCAGCAATTATTGTTTTAAAATATTGCCAGATAAAGTTGACATTGTATATTATTTTGAAAAGCAACAACAACAACATTAAATGTCCTTTGAAGTGTTTTGAAATGTGCATTTTTATTTGATGTTTGTTCGTAATCTCAACTGCAAAAGGAATAGAAGGCGGGACATAGTGTAGTTCCACCTCTTTTTTAAAACAGCCAATAGTGTTTTGTTTTATCACAGCTTTGTCAATGAGAGTGGTTGAGCCCAAGCGCATCAAATGACAAGCAGCTGAGAAACGTCTTGAAGGGGCAGGGCATGTCAGATACTAGAGAGCATTTGATTGGTTATGATGTGATGATGAGAAACTGTACACTTCAAAAACAGCGAGTTATTTATTTAACCCAATGGTTGAGTTAAAAATAATTGGTGCTTTGTTGGGTTACTTTT
>1:33454392-33455433	TACATATGTTTATACTGGGATTATGAAAAAGATTGAGATTGTGGAGAAAAACATGGAAAAAATCTCATCATCATTATCATCTTCATCATCATAAAAACTGTTGCATAAATTAAGCAAATAACTGTAGTCTTAATTAAACAACTTAGGTGAAACAAACTATGTCAGTACAACTTTAAAATAAATGAAATAGGCTTCTTTTTAATAATGTATTTGTTGATTGACATTTTACTAAACATTTAATTAGAAGCTAAATAAAAACTAATGCATCCTATGGCTATCAATCCATTAACGAAGGACCTCTGTAGAGAGAATCATTGTCCTCCAGACTGTCCCTTAGACACATGCAGTGTCCTGTCCACCCGGGGCTCTAGAAGGGTCAAGTGTTGACCTTTCTGCATCATTAGACCCTCAACGGGGTGGCACAAATGCGTTTGCCCATCAGTCGACATCAGATGGAAGGGGTGTGTGCTGTCAACAACAAACGGGGAAAAAGGGGAATGTGAATTATTAATTCTCTCTGTTAGGGAGAGGACAGTGTGTGACTGTTCCTGTCATTTTGAGACATTCCCTGGGGCAGCTTCTAAATAAAAAGTCGTTCAGTTAAAACAAACAACCCCTGAGGCCCTCAGGACACAGACCAGACATGTCCAACAGTGCGAGCTTAGAGGACGCAAGAGATTTTAGCTGGAGAAACAATGTATGGATGTTAAAGAAGCAACACTTCATATAGGATTCAATATGTTAAAATAAGTTAATCTTTAAGGTTTTGTGATCTAGAGCAAAAGTAAAAAAAAAAATATATATATATATATATGTATATATATATATATATATATATATATATATATATATATATATATATATATATATATATATATATATTTATATATATAAATTAGTGCGTTAACACATGCAATTAATTTGAAATATTTAACGCGCTACAAAAATTAACGCAGTTAACGTAGTTGCAGGTTGTTGTTTTTTTTTACATCCTGTTGTGGCAGACGTGTGTTTAACGTGCAAAGAAATATGGATAAGATCA
